# Apple ModelIO OBJ File: temple_scan
mtllib temple_scan.mtl
g submesh
v 0.0496331 0.116564 -0.0103048
v 0.0566025 0.105755 -0.0105083
v 0.0668072 0.120958 -0.00856448
v 0.0312183 0.104423 -0.0249293
v 0.0212557 0.111198 -0.0282362
v 0.0376295 0.120487 -0.0263809
v -0.0689811 0.308938 0.0374392
v -0.0796332 0.30804 0.0352164
v -0.0734444 0.299939 0.0463695
v -0.0867699 0.300143 0.0367578
v -0.0875865 0.307991 0.0257623
v -0.0867395 0.309895 0.0101783
v -0.0965397 0.304126 0.0164791
v -0.0944079 0.30005 0.00763607
v 0.0282917 0.0121269 -0.0718663
v 0.0458019 0.00460256 -0.0645525
v 0.00688355 0.00621332 -0.072623
v 0.0543746 0.0128727 -0.0746166
v 0.0385074 0.107139 -0.0125895
v 0.0346982 0.122566 -0.00751352
v 0.0521589 0.136837 -0.0105292
v 0.0259377 0.143883 -0.00800742
v -0.055703 0.00553066 -0.0734584
v -0.0448543 0.00302457 -0.0540072
v -0.0678532 0.00855033 -0.073884
v -0.042328 0.00545243 -0.074484
v -0.00215081 0.00308421 -0.0569225
v -0.0768193 0.312438 0.0264065
v -0.0700734 0.316058 0.0192153
v 0.000607783 0.111594 -0.00483528
v 0.00339395 0.124709 -0.00585087
v -0.00486151 0.125742 -0.00614687
v 0.0206612 0.104116 -0.00591118
v 0.0176316 0.120853 -0.00406357
v -0.0189039 0.119703 -0.00372462
v 0.0270017 0.112882 -0.00712717
v -0.071247 0.00039951 0.00959697
v -0.089882 0.00080503 0.0303487
v -0.0935453 0.00147473 0.0242517
v -0.0929633 0.00295262 0.0498815
v -0.0976225 0.00875027 0.0477489
v -0.0953255 0.0143815 0.0342119
v -0.0908523 0.000928635 -0.000451735
v -0.0864319 -5.25189e-09 0.012192
v 0.00460053 0.0024368 -0.0109785
v -0.0723993 0.00129133 -0.0255632
v -0.0736277 0.00280249 -0.0559573
v -0.0901974 0.00521396 -0.0526842
v -0.0982082 0.296402 -0.024625
v -0.0937929 0.298886 -0.0150595
v -0.0849693 0.300531 -0.0207389
v -0.0930877 0.303666 0.000574226
v -0.0897214 0.305104 -0.00668843
v -0.0952872 0.297328 -0.00790153
v 0.0430092 0.152907 -0.011791
v 0.0584163 0.15857 -0.0116797
v 0.0609004 0.146026 -0.0118518
v 0.0693236 0.14289 -0.0111678
v 0.0723136 0.128843 -0.0360648
v 0.0727195 0.116199 -0.0341523
v 0.0662298 0.121298 -0.0299704
v 0.0561542 0.115307 -0.0267785
v 0.0557751 0.129677 -0.0279265
v 0.065317 0.128606 -0.0304787
v 0.067116 0.111949 -0.0306322
v 0.0761577 0.104112 -0.0336464
v 0.0499927 0.0841374 -0.0189186
v 0.0470842 0.0981384 -0.0187569
v 0.0606968 0.0878868 -0.0262322
v 0.0698549 0.0948189 -0.0300762
v 0.061551 0.102383 -0.0265124
v 0.0489609 0.107861 -0.0183458
v -0.0947533 0.0145723 0.0236846
v -0.101301 0.0106865 0.0191083
v -0.0946197 0.017191 0.0138847
v -0.102382 0.0109841 0.00512398
v -0.100167 0.00361733 0.00892541
v -0.100481 0.00493597 -0.00517379
v -0.0575141 0.296848 -0.0258535
v -0.0358591 0.297888 -0.0284067
v -0.0456291 0.288458 -0.0378409
v -0.0702918 0.304641 -0.0187116
v -0.0768166 0.310501 -0.00539913
v -0.0716747 0.295988 -0.0264701
v -0.0574745 0.311295 -0.0117002
v -0.0952327 0.0022224 -0.0161521
v -0.0984166 0.0016123 -0.00526952
v -0.0997054 0.0116515 -0.00906242
v -0.0972721 0.00429722 -0.0343749
v -0.102137 0.00731263 -0.0190745
v 0.0807663 0.112326 -0.00695467
v 0.0701277 0.0987004 -0.00877753
v 0.0800993 0.0959157 -0.0078502
v 0.0491921 0.0997925 -0.0139632
v 0.0383737 0.0968785 -0.0107036
v 0.0522532 0.0912396 -0.0103708
v 0.0399203 0.104949 -0.0206182
v 0.0357262 0.0910505 -0.0208745
v 0.0229897 0.0961713 -0.0272682
v 0.0123682 0.0991643 -0.0304858
v 0.00593508 0.149073 -0.00393966
v -0.014653 0.140051 -0.00566619
v -2.83384e-05 0.132465 -0.00563237
v -0.00032949 0.12679 -0.00754428
v 0.0102566 0.133738 -0.00506478
v 0.0428504 0.144291 -0.0263102
v 0.0302174 0.148945 -0.0256353
v 0.0347012 0.159535 -0.0239387
v 0.0572316 0.141323 -0.0270281
v 0.00216859 0.145484 -0.0279878
v 0.00506823 0.138211 -0.0291247
v -0.0019231 0.137748 -0.025667
v 0.00707681 0.152233 -0.0294138
v 0.0161454 0.131469 -0.0295766
v 0.0284844 0.140449 -0.0273924
v 0.00204842 0.122792 -0.0267004
v 0.0110161 0.113724 -0.0288431
v 0.0201694 0.156347 -0.028314
v 0.0648791 0.136422 -0.030121
v 0.0281185 0.171765 -0.0251752
v -0.0581418 0.312185 0.0373765
v -0.0666321 0.315358 0.0301065
v -0.0407937 0.293555 0.0497085
v -0.0367504 0.287538 0.0464471
v -0.0347029 0.294902 0.0373499
v -0.0559847 0.318842 0.0257809
v -0.0481689 0.306632 0.0467621
v -0.0493326 0.31581 0.0351192
v -0.0381036 0.305016 0.0407443
v -0.0349671 0.300641 0.0198108
v -0.0351494 0.308763 0.0297925
v -0.0614805 0.305403 0.0482779
v -0.0345609 0.309973 0.0182533
v -0.0434618 0.317142 0.0253428
v -0.0416492 0.312571 0.0362825
v 0.0925389 0.0662077 -0.0102941
v 0.0926155 0.0539549 -0.00306639
v 0.0993534 0.0502374 -0.0121708
v 0.0802743 0.0672681 -0.00437028
v 0.0840044 0.0489179 0.00344735
v 0.0379001 0.0548205 -0.00570303
v 0.0455547 0.0506532 0.00971367
v 0.0517083 0.0537991 0.00132784
v 0.0505525 0.060575 -0.00731628
v 0.0515714 0.0750173 -0.0122381
v 0.0412136 0.0662782 -0.011154
v 0.0395748 0.060858 -0.0131571
v 0.0609703 0.0561583 0.000261641
v 0.0607504 0.0506053 0.00720225
v 0.0393938 0.0718443 -0.0143579
v 0.064905 0.0650185 -0.00500387
v 0.0968773 0.063607 -0.0179075
v 0.0716867 0.0551452 0.0020345
v 0.0959433 0.0536158 -0.0271659
v 0.0338492 0.0518531 0.00129594
v 0.0292892 0.0533292 0.00665663
v 0.0218254 0.0528693 0.0123709
v 0.0369907 0.0498464 0.0189463
v 0.0846267 0.109738 -0.0364479
v 0.088148 0.100661 -0.0367392
v 0.0724481 0.0858766 -0.0321692
v 0.0758065 0.0933116 -0.0339272
v 0.0801442 0.0880741 -0.0360201
v 0.0906128 0.0934016 -0.0316959
v 0.0937417 0.0873729 -0.0265053
v 0.0898834 0.0864369 -0.0330022
v 0.0892636 0.0819345 -0.0356676
v 0.0850697 0.0844393 -0.0361904
v 0.092116 0.0790875 -0.0332153
v 0.0859458 0.0911293 -0.0345808
v 0.0812198 0.0952272 -0.0350045
v 0.0914948 0.111016 -0.0336457
v 0.095398 0.101385 -0.0281045
v 0.0969331 0.09472 -0.0208633
v 0.0961529 0.101839 -0.0207879
v 0.0939917 0.101505 -0.0146513
v -0.046969 0.295538 0.0562237
v -0.0551311 0.299513 0.058361
v -0.0520393 0.289175 0.0616155
v -0.0588088 0.291321 0.0620975
v -0.064689 0.296123 0.0572649
v -0.0379614 0.273508 0.058589
v -0.0374109 0.283408 0.0529599
v -0.0435492 0.285485 0.0594486
v -0.0603617 0.286272 0.0666436
v -0.0564755 0.285031 0.0646392
v -0.06441 0.287046 0.062836
v -0.0493216 0.278066 0.0653703
v -0.0597567 0.279693 0.0648714
v -0.0455752 0.265933 0.0649164
v -0.0388781 0.261923 0.0590001
v -0.0242387 0.264322 0.00634576
v -0.0289149 0.269728 0.00997063
v -0.030045 0.259392 0.0113314
v -0.0358666 0.261519 0.0464012
v -0.0332806 0.279523 0.0444833
v -0.035387 0.274455 0.0305344
v -0.0340324 0.288293 0.0279231
v -0.0262359 0.279868 0.00923281
v -0.0344706 0.282377 0.018529
v -0.0335752 0.269998 0.0188854
v -0.0372701 0.257248 0.0211178
v -0.0369758 0.261814 0.0300698
v -0.0352125 0.246999 0.0158366
v -0.0321385 0.289435 0.00587667
v -0.0357581 0.293139 0.0149998
v -0.0385616 0.245278 0.0310493
v -0.018017 0.27157 0.00703522
v -0.0142045 0.255433 0.0066444
v -0.0370376 0.244718 0.0516948
v -0.0395853 0.254166 0.0574396
v -0.0345065 0.102261 0.005453
v -0.0173022 0.101686 -0.00188976
v -0.0319167 0.11181 0.00189244
v -0.0304165 0.0858385 0.00185781
v -0.0121905 0.0887557 -0.00374804
v 0.0141033 0.0869121 -0.00363714
v 0.00526638 0.0922674 -0.00387131
v 0.0139507 0.0785014 -0.00364217
v -0.0458384 0.0763059 0.000820789
v -0.0475796 0.0872421 0.00202184
v -0.0553088 0.0789397 -0.00163373
v -0.0469669 0.10052 0.0160434
v 0.0230652 0.0889616 -0.00665432
v 0.0366243 0.0870879 -0.0109373
v 0.0337772 0.0823453 -0.0161063
v 0.043799 0.0855208 -0.0148266
v 0.0292584 0.0778555 -0.0106317
v -0.0057937 0.0786486 -0.00206648
v 0.0330189 0.0749755 -0.0193699
v 0.0292273 0.07976 -0.0219164
v 0.0240155 0.0847475 -0.0252588
v 0.0337526 0.0742929 -0.0163425
v -0.0551835 0.0951971 0.00112046
v 0.0527777 0.16342 -0.0258905
v 0.0660425 0.169787 -0.0284988
v 0.0661345 0.161548 -0.0291791
v 0.0578489 0.15166 -0.0256032
v 0.0609617 0.158529 -0.0248866
v 0.0712031 0.142132 -0.0356507
v 0.0655711 0.146949 -0.0280364
v 0.0456258 0.182137 -0.0302549
v 0.0393163 0.169765 -0.0244943
v 0.0749555 0.166918 -0.0347254
v 0.0712104 0.176201 -0.0343586
v 0.0771292 0.175011 -0.0366572
v 0.071179 0.154812 -0.0339457
v 0.0837815 0.167455 -0.0351972
v 0.0815347 0.157467 -0.0351587
v 0.0653077 0.154581 -0.0273062
v 0.0774345 0.148509 -0.0361499
v 0.0828433 0.174885 -0.0363769
v 0.0844535 0.146709 -0.0346572
v 0.0884615 0.153653 -0.0334972
v 0.0612716 0.175875 -0.0297559
v 0.0891139 0.163674 -0.0324709
v 0.0933679 0.154474 -0.0281162
v 0.0876996 0.17341 -0.0344139
v 0.0288702 0.186842 -0.0300407
v 0.0941068 0.164802 -0.0271302
v -0.00667476 0.201172 0.00150647
v 9.94549e-05 0.189432 -0.000458643
v 0.0145073 0.201047 0.00224135
v -0.00305284 0.216758 0.00311728
v 0.0735695 0.176371 -0.0109589
v 0.0862106 0.18383 -0.0124699
v 0.0778852 0.186476 -0.00945208
v 0.00536473 0.16485 -0.00524448
v 0.0170868 0.17145 -0.00654371
v 0.00585292 0.178736 -0.0032532
v 0.0866119 0.171538 -0.0142569
v 0.0424346 0.202896 -0.00557753
v 0.0370569 0.191783 -0.00891908
v 0.0542571 0.186743 -0.00826414
v 0.0661288 0.19605 -0.00469689
v 0.0581169 0.206101 -0.00332422
v 0.0111695 0.228668 0.00231132
v 0.00720663 0.243818 0.00228297
v -0.00759001 0.235212 0.00462375
v 0.0344088 0.212976 -0.000841998
v 0.0302799 0.199885 -0.00368841
v 0.0271999 0.227384 0.00234425
v 0.0942181 0.165043 -0.0217439
v 0.094331 0.157782 -0.0227954
v 0.0913523 0.159969 -0.0158544
v 0.0461681 0.214802 -0.00263541
v 0.092148 0.168754 -0.0194311
v 0.0363305 0.170357 -0.0111345
v 0.0257904 0.187826 -0.0065819
v 0.0793815 0.157393 -0.0104316
v -4.72741e-05 0.248471 0.00460177
v 0.0698435 0.188233 -0.00688565
v -0.065257 0.115927 -0.0254848
v -0.0653769 0.123669 -0.0254167
v -0.0610522 0.118846 -0.0293564
v -0.0665045 0.125512 -0.0130787
v -0.0655404 0.111954 -0.0129172
v -0.0616293 0.121041 -0.00463471
v -0.0653889 0.14829 -0.0217547
v -0.0606857 0.15029 -0.0256043
v -0.0615644 0.140711 -0.0256412
v -0.0650665 0.138685 -0.0153103
v -0.0668918 0.134014 -0.0154284
v -0.0629842 0.136101 -0.00930689
v -0.0583633 0.130811 -0.0276345
v -0.0619528 0.12639 -0.0268873
v -0.0644615 0.133284 -0.0262496
v -0.0533829 0.142217 -0.0261748
v -0.0508823 0.119656 -0.0268204
v -0.05694 0.157486 -0.0242589
v -0.0637399 0.109693 -0.0268292
v -0.0653028 0.139311 -0.0204403
v -0.0674672 0.129279 -0.0205355
v -0.0640191 0.157223 -0.0205248
v -0.0669887 0.11786 -0.0199984
v -0.0581935 0.170486 -0.0237289
v -0.049962 0.164204 -0.0239295
v -0.0425089 0.134641 -0.0222249
v -0.0462147 0.150856 -0.0213208
v -0.0346708 0.143573 -0.0175507
v -0.0395309 0.152657 -0.015047
v -0.0678184 0.106519 -0.0206332
v -0.0419789 0.120634 -0.0208807
v -0.066653 0.110676 -0.0239205
v -0.0608742 0.104054 -0.00535846
v -0.0302015 0.126469 -0.0189933
v 0.0878686 0.099685 -0.00859605
v 0.0862162 0.0835741 -0.00873877
v 0.077446 0.086402 -0.00802594
v 0.0778102 0.0796199 -0.0362572
v 0.0545106 0.0752179 -0.0238342
v 0.0486626 0.0739313 -0.0179227
v 0.09227 0.0891773 -0.011823
v 0.0669751 0.0807885 -0.00754764
v 0.0678457 0.0750388 -0.0309487
v 0.0760408 0.0943695 -0.00912096
v 0.0956271 0.0763731 -0.0201808
v 0.0928079 0.0783219 -0.0135068
v 0.0946611 0.0711196 -0.0153679
v 0.0948241 0.0918326 -0.0163073
v 0.0944265 0.0870165 -0.0200052
v 0.0957726 0.0676819 -0.0260153
v 0.0960542 0.0760197 -0.0277769
v 0.0937315 0.0845928 -0.0159961
v 0.085877 0.0772501 -0.0349132
v 0.0791666 0.0680446 -0.0347911
v -0.0507674 0.185959 0.0753819
v -0.0432563 0.186884 0.0732204
v -0.0472433 0.196001 0.077416
v -0.0455967 0.179798 0.0726451
v -0.0469255 0.169486 0.0713693
v -0.0420128 0.174858 0.067596
v -0.0367158 0.194293 0.0736355
v -0.0392157 0.18454 0.0673739
v -0.0354955 0.198989 0.0642618
v -0.0362265 0.197997 0.0541461
v -0.0375063 0.209507 0.0589351
v -0.0361313 0.187614 0.059195
v -0.0381098 0.176902 0.0612362
v -0.0399192 0.17038 0.0483102
v -0.0372294 0.205023 0.0706883
v -0.0394288 0.167051 0.0594748
v -0.0410601 0.159716 0.0640709
v -0.0414938 0.210481 0.0733362
v -0.0426715 0.204878 0.077395
v -0.0381451 0.189223 0.0408675
v -0.0400504 0.211511 0.067156
v -0.0350042 0.205566 0.043965
v -0.0389789 0.218916 0.0620373
v -0.0359935 0.225383 0.0477852
v -0.0390364 0.15433 0.053393
v -0.0566066 0.177059 0.0710022
v -0.0564048 0.159599 0.0657292
v -0.0514906 0.155661 0.0718284
v -0.0437515 0.149351 0.0684997
v -0.0599035 0.17297 0.0665551
v -0.0376763 0.235876 0.0574665
v -0.0374006 0.228649 0.0617794
v -0.038644 0.142861 0.060387
v -0.0621631 0.169193 0.0598648
v -0.0425417 0.216834 0.0692014
v -0.00121109 0.0631643 0.0043465
v 0.0109529 0.0562381 0.00756897
v 0.0168775 0.0630613 0.000408363
v 0.034693 0.0629758 -0.0147023
v 0.00832747 0.0505335 0.0187448
v 0.0273329 0.0555188 -0.00231433
v 0.0271032 0.0616893 -0.00955916
v -0.0276256 0.0561022 0.0246105
v -0.0357776 0.0600339 0.018107
v -0.0398288 0.0626175 0.0276951
v 0.0319199 0.06379 -0.0146745
v 0.0321579 0.0676495 -0.0112446
v -0.0499954 0.0597611 0.0166515
v 0.0231551 0.0702864 -0.00678338
v -0.0105524 0.0500161 0.0272525
v -0.0187335 0.0579981 0.0128459
v -0.0377183 0.0676265 0.00785285
v 0.00563467 0.0709344 -0.00039886
v 0.0339626 0.0614726 -0.0182599
v -0.0549435 0.0646933 0.0039409
v -0.06577 0.0510961 0.0425947
v -0.0652229 0.0517769 0.0332067
v -0.0744186 0.038706 0.0313404
v -0.0608973 0.0609513 0.0377817
v 0.0351474 0.0631915 -0.0191261
v -0.0199595 0.0695036 0.00320146
v -0.0727225 0.0384317 0.0489587
v -0.0657667 0.0482754 0.050047
v -0.0626236 0.0513453 0.0237903
v -0.0627145 0.052428 0.0102178
v -0.059095 0.0579964 0.0308513
v 0.033747 0.064381 -0.0203089
v -0.0557708 0.0681379 0.0331024
v -0.0530809 0.0615691 0.027315
v -0.0472442 0.0715415 0.0314741
v -0.00173097 0.151126 -0.0253844
v 0.00240325 0.180725 -0.0265942
v -0.000450604 0.16742 -0.0230071
v -0.000961352 0.179849 -0.0234994
v -0.0404476 0.118266 0.00446422
v -0.0332829 0.120897 -0.00108332
v -0.0301164 0.146994 -0.0100785
v -0.0185994 0.143239 -0.0163962
v -0.012086 0.127095 -0.0207387
v 0.00774864 0.191352 -0.0305686
v 0.0100437 0.171118 -0.028143
v -0.0388725 0.139161 0.0473502
v -0.0439025 0.159664 -0.000320138
v -0.0440763 0.151107 0.0141443
v -0.0423496 0.151546 0.00127
v -0.0443494 0.167161 0.00801205
v -0.0391044 0.154387 -0.00757183
v -0.00657717 0.15464 -0.0181442
v 0.0182174 0.170852 -0.0278867
v -0.0361633 0.141694 0.000577764
v -0.0401853 0.127843 0.00272636
v -0.0427578 0.153424 0.0376488
v -0.0431447 0.134828 0.0304378
v -0.00800574 0.143447 -0.0212953
v -0.00494831 0.178904 -0.0221449
v -0.0291313 0.13029 -0.0018308
v -0.0433837 0.170694 0.0255278
v -0.00255625 0.157415 -0.00817477
v -0.00949475 0.151976 -0.012107
v -0.00405185 0.163947 -0.0175798
v -0.00480559 0.161014 -0.0136794
v 0.0174585 0.181496 -0.0305669
v -0.00659471 0.172316 -0.0163088
v -0.00370889 0.168338 -0.0104445
v 0.000668918 0.169324 -0.00654941
v -0.0442135 0.123306 0.0107425
v -0.0436433 0.134347 0.013344
v -0.0459814 0.124414 0.0206708
v 0.0406253 0.0685931 -0.021456
v 0.0629551 0.0550079 -0.0323939
v 0.0716697 0.0487105 -0.0400315
v 0.0558935 0.0470905 -0.0375971
v 0.0724915 0.0407213 -0.0470522
v 0.0578817 0.0381475 -0.0500238
v 0.0569563 0.0643344 -0.0276443
v 0.045305 0.0587987 -0.027166
v 0.0949383 0.050132 -0.0417707
v 0.0912886 0.0495111 -0.0412867
v 0.0906462 0.0520262 -0.0382467
v 0.092603 0.0457804 -0.0429702
v 0.0956209 0.0499354 -0.03653
v 0.0927393 0.0629091 -0.0316515
v 0.0735911 0.0584296 -0.0342089
v 0.0683063 0.0638978 -0.0303807
v 0.0939157 0.0710323 -0.0308555
v 0.0309932 0.0708813 -0.0231879
v 0.0886217 0.0700815 -0.0339311
v 0.0784497 0.0334094 -0.0525781
v 0.0913019 0.0354516 -0.0524489
v 0.0897908 0.0275386 -0.059755
v 0.0652324 0.0268541 -0.0594227
v 0.0910961 0.0563229 -0.0342814
v 0.0972022 0.0459021 -0.0417158
v 0.0876525 0.041116 -0.047325
v 0.0853306 0.0482783 -0.0415059
v 0.0952758 0.040628 -0.0461523
v 0.10002 0.0419838 -0.0381922
v 0.0980117 0.0321188 -0.04995
v 0.0802661 0.043733 -0.0462178
v 0.0767618 0.0238272 -0.0635519
v 0.0827082 0.0560784 -0.0360382
v 0.0872629 0.0629958 -0.0346656
v 0.0552452 0.0511495 -0.0326016
v 0.0481804 0.050895 -0.0315217
v 0.0526207 0.0547613 -0.0293831
v 0.0375697 0.0620352 -0.0237662
v -0.0549875 0.263382 -0.0380266
v -0.0665282 0.264846 -0.0397136
v -0.0609165 0.27409 -0.0432182
v -0.0630827 0.287011 -0.0364551
v -0.0503921 0.279807 -0.0456068
v -0.0594362 0.260876 -0.0349877
v -0.0720696 0.258756 -0.0354065
v -0.0644499 0.25842 -0.0339861
v -0.0560173 0.236611 -0.0279717
v -0.0687846 0.242976 -0.0292289
v -0.06557 0.250617 -0.0309973
v -0.075254 0.252254 -0.0294517
v -0.0443058 0.267084 -0.0417514
v -0.091973 0.292495 -0.0330984
v -0.0370589 0.276095 -0.0441864
v -0.0234017 0.240888 -0.0287974
v -0.015812 0.24674 -0.0311214
v -0.00946837 0.240799 -0.0291514
v -0.0297415 0.27119 -0.0460209
v -0.0270808 0.276786 -0.0453382
v -0.082675 0.278282 -0.0484353
v -0.0744142 0.272419 -0.0458269
v -0.084226 0.269597 -0.0506434
v -0.0921152 0.27815 -0.0493054
v -0.0875344 0.287036 -0.0438891
v -0.0748429 0.282179 -0.0422684
v -0.0798587 0.291713 -0.0342672
v -0.0812656 0.260223 -0.0369434
v -0.0854249 0.263855 -0.0441311
v -0.0776856 0.264744 -0.0429697
v -0.0924642 0.2693 -0.0448968
v 0.00751256 0.229939 -0.0302649
v -0.00422743 0.227389 -0.0298409
v 0.00132885 0.240858 -0.0297755
v -0.0971459 0.28486 -0.0409808
v -0.0310032 0.264959 -0.0417775
v -0.0547417 0.254134 -0.0311313
v -0.0442689 0.258016 -0.0333196
v -0.0405789 0.245166 -0.0305433
v -0.0106477 0.249831 -0.0319175
v -0.00293893 0.249995 -0.0320259
v -0.0977293 0.276851 -0.0418357
v -0.0904166 0.263439 -0.0372616
v -0.0214689 0.267647 -0.0441083
v -0.0141492 0.229886 -0.0279334
v -0.0188584 0.255377 -0.0356642
v -0.0333479 0.255455 -0.0345352
v -0.0120303 0.262727 -0.0413682
v -0.00698995 0.257703 -0.0350103
v -0.0337203 0.285203 -0.0403882
v 0.0679969 0.197417 -0.0407658
v 0.0750844 0.201451 -0.041202
v 0.076556 0.192706 -0.0409527
v 0.0786938 0.181881 -0.0396818
v 0.0858238 0.190292 -0.043302
v 0.0951351 0.190682 -0.0398572
v 0.0897224 0.179828 -0.0397095
v 0.0820846 0.199795 -0.0392126
v 0.0876358 0.200636 -0.035504
v 0.0882983 0.201246 -0.0303653
v 0.0965193 0.199445 -0.0343347
v 0.0899167 0.197145 -0.0397164
v 0.0356788 0.202358 -0.0349326
v 0.0919398 0.175304 -0.0195704
v 0.0968175 0.183945 -0.0353041
v 0.0938934 0.17501 -0.0317044
v 0.0998433 0.190646 -0.0332708
v 0.0987322 0.18276 -0.0281798
v 0.0909654 0.179804 -0.0168518
v 0.0162231 0.214347 -0.0313451
v 0.0179717 0.232839 -0.0311611
v 0.096111 0.173247 -0.0237389
v 0.0294024 0.216883 -0.0348798
v 0.0370672 0.21877 -0.0370181
v 0.0656419 0.185757 -0.0364257
v 0.087089 0.176641 -0.0362182
v 0.090182 0.194212 -0.0115001
v 0.0934216 0.188165 -0.0170681
v 0.0963052 0.182236 -0.0213616
v 0.0559606 0.194845 -0.0388676
v 0.0303719 0.231175 -0.0351753
v 0.0998553 0.193229 -0.0242156
v 0.0582977 0.211506 -0.0393912
v 0.0612321 0.20293 -0.0403543
v 0.0521458 0.204805 -0.0400383
v 0.0919713 0.197303 -0.0196977
v 0.0934162 0.200189 -0.0260402
v 0.0844107 0.20355 -0.0241506
v 0.0688749 0.208735 -0.0420831
v 0.0758942 0.207721 -0.0375689
v 0.0814741 0.204867 -0.0318585
v 0.0472619 0.214145 -0.0387386
v 0.0901429 0.144736 -0.030272
v 0.0884931 0.136524 -0.0340252
v 0.0802857 0.137642 -0.0381175
v 0.086074 0.131769 -0.0363782
v 0.07976 0.116737 -0.037659
v 0.0942976 0.117061 -0.0166776
v 0.0959522 0.114371 -0.026017
v 0.0964975 0.122652 -0.0236156
v 0.0976725 0.108057 -0.0196233
v 0.0919222 0.124359 -0.0327719
v 0.0949115 0.110155 -0.0147483
v 0.0871345 0.117909 -0.0372939
v 0.0833362 0.132286 -0.0103785
v 0.0884452 0.121118 -0.0119026
v 0.0923515 0.127581 -0.0169304
v 0.0879741 0.147018 -0.0150863
v 0.080454 0.145175 -0.0116141
v 0.0936666 0.141002 -0.0270593
v 0.0948927 0.140668 -0.0248223
v 0.0925731 0.138448 -0.0244865
v 0.0934431 0.152163 -0.0197352
v 0.0944562 0.151827 -0.0236445
v 0.0937621 0.144957 -0.0233269
v 0.0902173 0.136472 -0.0192983
v 0.0912703 0.133311 -0.0245317
v 0.0911432 0.137517 -0.0283709
v 0.0912765 0.131797 -0.0290909
v 0.0920895 0.131122 -0.0211636
v 0.09413 0.128885 -0.0244791
v 0.0904559 0.111083 -0.0102515
v 0.0831433 0.125811 -0.0373813
v -0.009627 0.284669 0.00301549
v -0.0230713 0.287098 0.00456509
v -0.020713 0.293075 0.00171734
v -0.0334601 0.312537 0.00803593
v -0.0160109 0.302344 -0.00329728
v -0.0388557 0.311172 -0.00847399
v -0.00351067 0.285179 -0.0457157
v 0.00315753 0.287453 -0.046264
v 0.00289417 0.283857 -0.0502261
v 0.00674606 0.26612 -0.0484058
v 0.0010188 0.270735 -0.0507991
v 0.0109417 0.271022 -0.0526088
v 0.000217644 0.270194 0.00611038
v -0.00968941 0.270937 -0.0465802
v -0.0191503 0.276537 -0.0471943
v 0.0206405 0.270908 -0.0481437
v 0.0166473 0.278579 -0.0515302
v 0.0241905 0.282416 -0.0399107
v 0.00105698 0.292168 -0.0370502
v -0.000666612 0.263969 -0.0427569
v -0.0146696 0.290784 -0.0381462
v -0.0157689 0.300287 -0.0240538
v 0.0107289 0.287251 -0.0474161
v 0.00606928 0.278532 -0.0545009
v -0.00287362 0.278282 -0.0498392
v -0.0439142 0.307823 -0.0167682
v -0.0229792 0.285643 -0.0430609
v 0.00263143 0.299812 -0.0214015
v 0.0156801 0.292693 -0.0333179
v 0.0226315 0.288259 -0.0260616
v 0.0194741 0.296728 -0.0188819
v 0.00938414 0.297967 -0.0064217
v -0.0118181 0.281124 -0.0461123
v -0.00335859 0.294529 -0.000680666
v -0.0121119 0.293957 -0.000258494
v 0.0213989 0.286175 -0.0140358
v 0.0194487 0.294014 -0.00987157
v 0.00643729 0.290138 -8.00006e-05
v 0.0181689 0.289419 -0.00302554
v 0.012412 0.280336 0.00290876
v 0.0152288 0.268726 0.00319997
v 0.0223719 0.273177 -0.00208224
v 0.0217395 0.280798 -0.00587498
v -0.0305687 0.298789 0.00629836
v -0.0304854 0.305608 0.00887452
v 0.00819321 0.256893 0.00488219
v -0.0441157 0.159423 -0.0196897
v -0.0419386 0.169286 -0.0211534
v -0.0404418 0.159978 -0.0152843
v -0.0123467 0.188826 -0.00362898
v -0.0252781 0.186911 -0.00613451
v -0.014358 0.180507 -0.011375
v -0.0324632 0.179421 -0.0155933
v -0.0393164 0.165844 -0.0112783
v -0.0204315 0.239979 0.00770373
v -0.00426776 0.178232 -0.00638824
v -0.00715224 0.174125 -0.0109466
v -0.0130928 0.222225 0.00361663
v -0.0171897 0.211723 0.00343064
v -0.0224128 0.198101 0.00133422
v -0.0268743 0.248004 0.00991022
v -0.0298414 0.237141 0.0114697
v -0.0241636 0.224752 0.00650861
v -0.0365827 0.224789 0.0248339
v -0.0351308 0.236361 0.0188427
v -0.0348338 0.22756 0.0121857
v -0.0452467 0.181014 -0.0228664
v -0.041428 0.17276 -0.00408656
v -0.0362381 0.182569 -0.00469466
v -0.0523657 0.174796 -0.0245432
v -0.0376087 0.191452 0.0100768
v -0.0438317 0.181055 0.00661074
v -0.033997 0.190065 0.00124237
v -0.039797 0.188929 0.0209774
v -0.0323039 0.197777 0.00635179
v -0.0361155 0.20235 0.0153294
v -0.0285053 0.208159 0.00744295
v -0.0149518 0.184189 -0.0206516
v -0.0360269 0.214389 0.0334422
v -0.03565 0.201135 0.0293718
v -0.0345237 0.216556 0.0135954
v -0.0371822 0.211232 0.0227223
v 0.0430095 0.0478359 0.0343057
v 0.0510248 0.0475098 0.0254834
v 0.0175461 0.027323 0.0402656
v 0.0220022 0.021783 0.0443271
v 0.0277077 0.0270222 0.040498
v 0.0309748 0.0348484 0.0370358
v 0.030642 0.0423395 0.0331034
v 0.0249768 0.0392598 0.031073
v 0.0405636 0.0297949 0.0423468
v 0.0512623 0.0203996 0.0423734
v 0.0518422 0.029952 0.039988
v 0.0716256 0.0453491 0.00969414
v 0.0268331 0.0142589 0.0445441
v 0.0414031 0.0116359 0.0420164
v 0.0351354 0.0204797 0.0448537
v 0.0195092 0.0325535 0.0328861
v 0.029508 0.0476036 0.0255845
v 0.0664726 0.00765152 0.0326435
v 0.0613992 0.00668267 0.029904
v 0.0757741 0.00793783 0.0158172
v 0.0231952 0.0444445 0.0269371
v 0.00628573 0.0416223 0.0297039
v 0.0170117 0.0412014 0.0271543
v 0.0565976 0.0117245 0.0407292
v 0.00752944 0.0333327 0.0385904
v 0.0727171 0.0119367 0.0269041
v 0.0747727 0.0135726 0.0182176
v 0.0656345 0.0186597 0.033475
v 0.0361308 0.0452802 0.0345122
v 0.0511343 0.0066463 0.0337741
v 0.0226896 0.00814507 0.0340103
v 0.0570587 0.00400456 0.0171985
v 0.0634051 0.0362648 0.0229133
v 0.0590541 0.0400681 0.0279577
v 0.0609454 0.0301107 0.0313998
v 0.0382083 0.0402719 0.0396139
v 0.00927093 0.0259639 0.0442369
v 0.0462176 0.0374775 0.0414453
v 0.0597477 0.0199543 0.041456
v 0.0581199 0.0239384 0.0384348
v 0.0666134 0.029622 0.019663
v 0.0536739 0.0393472 0.0349455
v 0.0661507 0.0235327 0.0233128
v 0.0709854 0.0180711 0.0180236
v 0.0606041 0.0440773 0.0173187
v 0.0694579 0.0369945 0.0148612
v 0.0891544 0.0377834 0.00765902
v 0.0796029 0.0372307 0.0101672
v 0.0858657 0.0257533 0.00992926
v 0.0681236 0.0234974 0.0148088
v 0.0869108 0.0137602 0.00957086
v 0.0750534 0.0210954 0.0101207
v 0.0780331 0.0165382 0.0107064
v 0.0741415 0.0290934 0.0123537
v -0.00640901 0.0433066 0.0382571
v -0.0251352 0.0564248 0.0393831
v 0.0545163 0.00345814 0.000440786
v 0.0678051 0.00409714 -0.0188359
v 0.089751 0.0080641 -0.00304099
v 0.0957111 0.00831147 -0.0189279
v 0.103171 0.0135941 -0.00630327
v 0.0938295 0.00751328 -0.0335778
v 0.102057 0.00924302 -0.0275801
v 0.102517 0.0235198 -0.0124057
v 0.100735 0.0270545 -0.00333529
v 0.0723883 0.0162131 -0.0700596
v 0.0845761 0.0206416 -0.0663863
v 0.0848745 0.0138568 -0.0680031
v 0.097757 0.0201802 0.00577562
v 0.0418381 0.00136437 -0.0417508
v 0.0769598 0.00844268 -0.0637094
v 0.0766269 0.00502923 -0.048851
v 0.100186 0.0387595 -0.00250115
v 0.0977241 0.0470642 -0.00303147
v 0.103677 0.0161761 -0.0202743
v 0.102671 0.0341613 -0.0120108
v 0.102326 0.0257608 -0.0261702
v 0.0971283 0.011474 0.00251973
v 0.0690695 0.00875231 -0.0706171
v 0.0927533 0.0199607 -0.0653373
v 0.101638 0.0397509 -0.0244288
v 0.103282 0.0153138 -0.0331052
v 0.093254 0.0131236 -0.0593941
v -0.0130643 0.045113 0.0485386
v -0.00206875 0.0340607 0.0453224
v 0.0958127 0.031951 0.00479745
v 0.100516 0.0190756 -0.0522129
v 0.0993832 0.0238041 -0.0575877
v -0.0225495 0.0518131 0.0522918
v 0.101904 0.0314696 -0.0380831
v -0.00507892 0.0273926 0.0573461
v -0.00886038 0.035491 0.0630957
v -0.00694335 0.0236551 0.064225
v -0.00674719 0.0364732 0.0544536
v -0.0152754 0.0451777 0.0583556
v 0.0992491 0.0251655 -0.0483829
v 0.101546 0.0214626 -0.0407276
v 0.000171855 0.0255906 0.049687
v 0.000348768 0.0160699 0.0527102
v -0.0059189 0.00709664 0.0602215
v -0.00619992 0.0145933 0.065232
v 0.0137742 0.0177799 0.0467284
v -0.0167892 0.0420092 0.0660662
v 0.0990558 0.0113421 -0.0468601
v -0.0138736 0.0315857 0.071633
v -0.0110177 0.0196178 0.0703357
v 0.0950772 0.043833 0.00367351
v -0.0108826 0.00489084 0.0402624
v 0.0596126 0.0183159 -0.0665223
v -0.0120644 0.00511752 0.0652381
v -0.0584798 0.0763072 0.0404761
v -0.0622734 0.0646815 0.0460503
v -0.0603028 0.0781739 0.0495247
v -0.0524449 0.0832892 0.0332178
v -0.0536076 0.0988306 0.031158
v -0.0578992 0.0938573 0.0398098
v -0.0577786 0.107534 0.0372866
v -0.0459321 0.0938487 0.0334147
v -0.0431943 0.0891625 0.0664981
v -0.0380567 0.0940002 0.0623669
v -0.0435091 0.101439 0.068399
v -0.0522655 0.142328 0.0666122
v -0.0554099 0.14448 0.0624165
v -0.054694 0.13292 0.0629022
v -0.0475998 0.117836 0.0676503
v -0.0440007 0.112869 0.0654419
v -0.0446446 0.123665 0.0683768
v -0.0507544 0.124987 0.066462
v -0.044266 0.120237 0.0318142
v -0.0611693 0.159809 0.0494566
v -0.0601655 0.158099 0.056599
v -0.0628622 0.0565846 0.0530643
v -0.061989 0.0690192 0.0537165
v -0.0586094 0.13504 0.0580735
v -0.0581211 0.152793 0.0599491
v -0.0604127 0.146988 0.0531928
v -0.0594265 0.119925 0.0425601
v -0.0564308 0.11668 0.0286195
v -0.0489205 0.109722 0.0635277
v -0.0555198 0.117819 0.0595037
v -0.040223 0.126259 0.0432693
v -0.0603655 0.0877653 0.0462042
v -0.0377809 0.126081 0.055481
v -0.0392725 0.113956 0.044815
v -0.0473671 0.138165 0.070393
v -0.0362793 0.0895218 0.0524762
v -0.0360001 0.072599 0.0556885
v -0.0372401 0.0770121 0.0471219
v -0.0370136 0.0838477 0.0587995
v -0.059782 0.139533 0.0416668
v -0.0603597 0.0915408 0.0527809
v -0.0396627 0.118136 0.0639036
v -0.0412524 0.132514 0.0654976
v -0.0396791 0.0855552 0.0417061
v -0.0444515 0.0815863 0.0349925
v -0.0431823 0.112662 0.0149229
v -0.0584459 0.154205 0.0371114
v -0.038076 0.0724031 0.0382222
v -0.0398588 0.099656 0.0438716
v -0.0396088 0.107634 0.0644481
v -0.0503539 0.0915485 0.0645101
v -0.0564194 0.0810944 0.0575613
v -0.0507012 0.0764357 0.062528
v -0.0438364 0.106898 0.0314043
v -0.036798 0.106925 0.0561667
v -0.0571132 0.116106 0.00920678
v -0.0597252 0.117203 0.0513324
v -0.0465303 0.0821362 0.0662734
v -0.0600628 0.107682 0.0439718
v -0.0552593 0.09979 0.0591119
v -0.0608928 0.132126 0.0498724
v -0.0578014 0.139748 0.0230138
v -0.0600195 0.100872 0.0481809
v -0.0583875 0.105225 0.0545544
v -0.0393289 0.0800712 0.062969
v -0.0431664 0.081225 0.0663372
v -0.0448392 0.0746685 0.0636309
v -0.0187756 0.0190117 0.0749207
v -0.0234245 0.0309807 0.0739038
v -0.0356981 0.0564153 0.0640829
v -0.0350583 0.0606255 0.0587653
v -0.040263 0.0663536 0.0627737
v -0.0410562 0.0575396 0.0673107
v -0.0477411 0.0632573 0.0641888
v -0.0459067 0.0501011 0.068651
v -0.0348272 0.0484866 0.0678835
v -0.0133087 0.0102683 0.0717762
v -0.0771937 0.0183254 0.0731919
v -0.0859097 0.0125447 0.0713952
v -0.0780633 0.00865812 0.0716116
v -0.0236825 0.0413208 0.069835
v -0.0273396 0.0511599 0.0614074
v -0.0314435 0.0592756 0.052577
v -0.0557942 0.0456191 0.0683987
v -0.0485097 0.0370569 0.0718449
v -0.0768234 0.0262281 0.068191
v -0.0702792 0.0258849 0.0725015
v -0.0747269 0.0328635 0.0680973
v -0.0697506 0.0332255 0.0699384
v -0.0663431 0.00593452 0.0718695
v -0.0280518 0.00586838 0.0738037
v -0.0519906 0.0109674 0.0739426
v -0.0914745 0.00734932 0.0632658
v -0.0824277 0.00315704 0.0630369
v -0.0641588 0.0210621 0.0725494
v -0.0672865 0.00932329 0.0736877
v -0.0666333 0.0131776 0.0727029
v -0.0351657 0.0206561 0.0722458
v -0.0334104 0.0134208 0.076527
v -0.0275024 0.0214468 0.0749691
v -0.0503626 0.0222898 0.0714368
v -0.060391 0.0334479 0.0730584
v -0.0580405 0.0153735 0.0706152
v -0.0507221 0.0148548 0.0712517
v -0.0405465 0.0283224 0.0708066
v -0.0380925 0.0395212 0.0715687
v -0.0438524 0.0156999 0.0723219
v -0.0418928 0.0210694 0.071152
v -0.0350208 0.0669934 0.0465452
v -0.0321402 0.0299856 0.0722622
v -0.0304297 0.0386017 0.0713089
v -0.0248602 0.0157923 0.0763408
v -0.0227469 0.011454 0.0770533
v -0.0902937 0.018555 0.0536741
v -0.0533162 0.0551274 0.0639303
v -0.0765484 0.0325051 0.0638128
v -0.0876058 0.0178871 0.0657527
v -0.0566376 0.064423 0.0593913
v -0.0662874 0.0429582 0.0669339
v -0.0602045 0.0527094 0.0613122
v -0.0712967 0.0365067 0.0660768
v -0.0823873 0.0248142 0.0605413
v -0.0941357 0.0148637 0.0623769
v -0.0780962 0.031218 0.0567796
v -0.0742196 0.0411085 0.0600659
v -0.0970385 0.011402 0.0573482
v -0.0824822 0.0243627 0.0552325
v -0.0675833 0.047544 0.0570533
v -0.0806103 0.0266179 0.0508325
v -0.0834955 0.025717 0.0407676
v -0.0661215 0.161816 -0.00963588
v -0.0618084 0.167061 -0.00230302
v -0.0652559 0.175505 -0.00878565
v -0.0579165 0.157515 0.0108184
v -0.0585428 0.13648 0.00421221
v -0.0709639 0.206315 -0.0166473
v -0.0720924 0.219676 -0.00688055
v -0.0723404 0.216092 -0.0184963
v -0.0666711 0.184224 -0.0213582
v -0.0656041 0.181817 -0.0249153
v -0.0645897 0.176466 -0.0219885
v -0.0673507 0.186323 -0.00105068
v -0.0693108 0.191526 0.00557477
v -0.0689199 0.199179 -0.00417388
v -0.0612762 0.180146 -0.0277997
v -0.0709741 0.191858 -0.016957
v -0.0595825 0.177301 0.0176771
v -0.05764 0.171099 0.00628892
v -0.066437 0.188023 -0.0259847
v -0.0687563 0.199196 -0.0244404
v -0.0687139 0.20874 -0.0240148
v -0.0635075 0.202558 -0.0280513
v -0.0614129 0.151918 -0.00406488
v -0.0568038 0.195027 -0.0296391
v -0.0475423 0.190697 -0.0267682
v -0.0542332 0.18475 -0.0274316
v -0.065254 0.14534 -0.0148067
v -0.0667675 0.152196 -0.0176342
v -0.0613137 0.177851 0.00104026
v -0.0628467 0.213021 -0.0270426
v -0.0537987 0.211974 -0.0266774
v -0.0573856 0.205207 -0.0285322
v -0.066617 0.181608 -0.0160742
v -0.0679006 0.186804 -0.00956801
v -0.0163616 0.207635 -0.029185
v -0.0265443 0.201603 -0.0282365
v -0.0249232 0.213916 -0.0291812
v -0.00399562 0.189061 -0.0257377
v -0.0571428 0.180214 0.00773488
v -0.0384971 0.187003 -0.0238135
v -0.027679 0.190511 -0.024547
v 0.0205126 0.194846 -0.0311486
v -0.0380083 0.196011 -0.0274536
v -0.0455835 0.21148 -0.0263039
v -0.0480293 0.201869 -0.0289435
v -0.0137392 0.218519 -0.0296684
v -0.0216538 0.225407 -0.0276196
v -0.00348784 0.207777 -0.0299968
v -0.0151654 0.196941 -0.026951
v -0.0659285 0.153612 -0.0122649
v -0.0409506 0.21557 -0.0258906
v -0.0366224 0.209084 -0.0274223
v -0.0662402 0.157984 -0.0153653
v -0.0611486 0.188444 -0.030606
v -0.0639792 0.194631 -0.0286535
v -0.0627252 0.185289 0.00768083
v -0.0656973 0.173322 -0.0168474
v -0.0635883 0.167425 -0.0210164
v -0.0715802 0.21164 -0.0204335
v -0.0360003 0.225265 -0.0287315
v 0.00385394 0.219531 -0.0292235
v -0.0570439 0.163728 0.0288667
v -0.0589694 0.16154 0.00246755
v -0.0676754 0.165551 -0.0157943
v -0.0483735 0.221091 -0.0276483
v -0.060243 0.223567 -0.028175
v -0.0656861 0.19175 0.0142132
v -0.0683579 0.236272 -0.0261474
v -0.0695175 0.228138 -0.0258459
v -0.0746544 0.236431 -0.0184661
v -0.0674305 0.220577 -0.0281043
v -0.0724241 0.220461 -0.0244348
v -0.0635159 0.231548 -0.0267658
v -0.0683659 0.215885 -0.0248647
v -0.0726304 0.22529 -0.0180063
v -0.0708682 0.214502 -0.0223698
v 0.0739419 0.22397 -0.0157931
v 0.0649794 0.230601 -0.0117528
v 0.0729418 0.220106 -0.0100122
v 0.0784543 0.213701 -0.0185904
v 0.0785232 0.212068 -0.0272947
v 0.0628793 0.232864 -0.0186866
v 0.0705347 0.228281 -0.021031
v 0.0375788 0.259893 -0.032703
v 0.0284393 0.269087 -0.0307329
v 0.0352167 0.265389 -0.025452
v 0.0358356 0.246845 -0.0364546
v 0.0291606 0.253377 -0.0358169
v 0.0350446 0.25474 -0.0355461
v 0.0488104 0.256768 -0.0244891
v 0.0524987 0.251895 -0.0204666
v 0.0531896 0.248989 -0.0266428
v 0.0755636 0.220985 -0.0267214
v 0.0749559 0.221893 -0.0204753
v 0.0646751 0.231032 -0.0229845
v 0.0434425 0.259728 -0.0283191
v 0.00473125 0.256032 -0.0352799
v 0.00399306 0.249333 -0.031204
v 0.0413254 0.251259 -0.0366905
v 0.0478098 0.252861 -0.0328645
v 0.0525689 0.240133 -0.0320693
v 0.0573459 0.243752 -0.0231498
v 0.0769171 0.211958 -0.0327604
v 0.0764979 0.216257 -0.0311334
v 0.0608304 0.234763 -0.0229577
v 0.0722828 0.217368 -0.0349254
v 0.0851867 0.203587 -0.0147858
v 0.0830177 0.201149 -0.00641564
v 0.0649929 0.227424 -0.0289595
v 0.0625915 0.219351 -0.0367767
v 0.057101 0.229217 -0.034877
v 0.0460404 0.228769 -0.0365965
v 0.0431637 0.241984 -0.0360477
v 0.0585556 0.235715 -0.0283986
v 0.0120658 0.245672 -0.0315249
v 0.0241719 0.278482 -0.0243028
v 0.0276691 0.27112 -0.0210554
v 0.0295431 0.261815 -0.0360382
v 0.0231374 0.241529 -0.0323419
v 0.0287215 0.244935 -0.0348744
v 0.0422855 0.262991 -0.0220782
v 0.0530878 0.24951 -0.0137263
v 0.0459113 0.258896 -0.0140599
v 0.0770748 0.209895 -0.0109454
v 0.0539883 0.220622 -0.0377354
v 0.0244496 0.275316 -0.0339025
v 0.0241475 0.270059 -0.0384334
v 0.0207305 0.26152 -0.0408852
v 0.0349876 0.266088 -0.0172217
v 0.0846357 0.191667 -0.00694752
v 0.0488673 0.253837 -0.00837583
v 0.0564519 0.239094 -0.0149413
v 0.0507477 0.246668 -0.00657073
v 0.0768699 0.194126 -0.00459515
v 0.0251286 0.265262 0.000176957
v 0.0216704 0.25916 0.00404466
v 0.0277637 0.256346 0.00176463
v 0.0534168 0.236895 -0.0073834
v 0.0323698 0.259445 -0.00208396
v 0.0343497 0.245214 -0.00023083
v 0.0415208 0.253632 -0.00463825
v 0.0490702 0.233555 -0.00406347
v 0.0562215 0.229567 -0.00581965
v 0.0453369 0.241484 -0.00300989
v 0.0205572 0.246114 0.0022156
v 0.0220432 0.250856 -0.0350298
v 0.0144136 0.255813 -0.0368725
v 0.0509657 0.228129 -0.00426014
v 0.0643385 0.223731 -0.00623078
v 0.0685301 0.213304 -0.00597295
v 0.0427368 0.22795 -0.00190562
v 0.0100647 0.261424 -0.0431813
v 0.0551334 0.221293 -0.00334446
v 0.0759564 0.207319 -0.00692828
v 0.0250304 0.27181 -0.0109794
v 0.0204638 0.278574 -0.0142595
v 0.0711122 0.203966 -0.00429398
v 0.0239116 0.276073 -0.0170069
v 0.0335535 0.263181 -0.00926127
v 0.027213 0.267109 -0.00485746
v 0.0144987 0.265462 -0.0478394
v -0.0767628 0.253425 -0.00508359
v -0.0733588 0.246853 -0.0107565
v -0.072412 0.247809 -0.000817653
v -0.0542369 0.243576 0.0683956
v -0.0573493 0.249314 0.0659199
v -0.0562361 0.237632 0.0670887
v -0.0579171 0.225499 0.0685496
v -0.0516336 0.222178 0.0719854
v -0.049587 0.230982 0.0686952
v -0.0832919 0.257673 -0.0284064
v -0.0446664 0.257845 0.0619187
v -0.0513786 0.258807 0.0640723
v -0.0466565 0.250247 0.0618083
v -0.0438693 0.228832 0.068179
v -0.0459659 0.222777 0.0703907
v -0.0914156 0.266447 -0.0260703
v -0.0411718 0.224379 0.0668944
v -0.0565181 0.21585 0.0748563
v -0.0967426 0.271334 -0.0352827
v -0.0751674 0.257887 0.00119053
v -0.0804618 0.257559 -0.00385712
v -0.0498128 0.242278 0.0668833
v -0.0654282 0.207049 0.0620986
v -0.0635505 0.203963 0.074677
v -0.0634621 0.216097 0.0678249
v -0.0396562 0.241904 0.0600728
v -0.0410475 0.247431 0.0595245
v -0.0671228 0.218461 0.0579307
v -0.0398352 0.229802 0.066969
v -0.0642543 0.224151 0.0650343
v -0.0474166 0.214284 0.0753525
v -0.0551736 0.268158 0.0655477
v -0.0823284 0.267239 -0.00228779
v -0.0590511 0.260461 0.0658255
v -0.0653485 0.208584 0.0500439
v -0.0628418 0.231821 0.0665931
v -0.0680619 0.230131 0.0613024
v -0.0698521 0.253276 0.00951985
v -0.0764534 0.267408 0.00841831
v -0.0834561 0.279424 0.00599771
v -0.0687532 0.229587 0.0493346
v -0.0670489 0.217066 0.0491207
v -0.069961 0.242696 0.00388195
v -0.0699951 0.234082 0.00982936
v -0.0420157 0.235764 0.0653283
v -0.0638864 0.239423 0.0646079
v -0.0822501 0.279554 0.0169996
v -0.0762663 0.265794 0.0194565
v -0.0853104 0.289785 0.0226526
v -0.0900415 0.292133 0.0140959
v -0.062584 0.19129 0.0714797
v -0.0667 0.196741 0.0655662
v -0.0726441 0.273784 0.046486
v -0.0745495 0.260767 0.0485347
v -0.0729429 0.269802 0.0528208
v -0.0813547 0.257494 -0.0150007
v -0.0905292 0.298154 0.0249161
v -0.064661 0.247056 0.0617152
v -0.0681858 0.248575 0.0571544
v -0.0676402 0.240289 0.0578587
v -0.0714956 0.253554 0.053432
v -0.0691017 0.243524 0.0524786
v -0.0696267 0.251884 0.0195563
v -0.079525 0.282003 0.0287065
v -0.0680849 0.230587 0.0364536
v -0.0674937 0.215094 0.0392949
v -0.0664737 0.25775 0.0610324
v -0.0638627 0.269672 0.0647893
v -0.0658892 0.278555 0.0620993
v -0.0697837 0.244181 0.0288213
v -0.069459 0.219201 0.023938
v -0.0848045 0.294151 0.0290154
v -0.0701158 0.246141 0.043236
v -0.0743271 0.290004 0.0485102
v -0.077859 0.290715 0.039969
v -0.0740417 0.284706 0.0451634
v -0.0738367 0.263257 0.0289794
v -0.0822598 0.2925 0.0341245
v -0.043483 0.244155 0.0631224
v -0.0713655 0.277494 0.0533292
v -0.0710911 0.287347 0.0563819
v -0.0724299 0.283722 0.0507106
v -0.052778 0.205909 0.0775557
v -0.0724214 0.260875 0.039039
v -0.0543151 0.197276 0.0770453
v -0.0583083 0.192578 0.0746804
v -0.0744117 0.276475 0.0383352
v -0.0700084 0.271725 0.0585693
v -0.0876591 0.273516 -0.0128075
v -0.0967081 0.279806 -0.0233345
v -0.0865689 0.279736 -0.00436772
v -0.0909141 0.288961 0.00255101
v -0.0928816 0.286205 -0.00879609
v -0.0886819 0.279447 -0.00947626
v -0.0937991 0.295744 -0.0011546
v -0.10065 0.281275 -0.0337458
v -0.0978049 0.291081 -0.0168264
v -0.0997756 0.289597 -0.0316805
v -0.10202 0.287695 -0.0256489
v -0.0702905 0.236958 -0.00530958
v -0.0682783 0.197097 0.0543371
v -0.0765076 0.246557 -0.0180792
v -0.0784119 0.249731 -0.0232864
v -0.0770444 0.243117 -0.0216446
v -0.0755309 0.242124 -0.0262731
v -0.0725393 0.229149 -0.0129106
v -0.0597927 0.167414 0.0406767
v -0.0649398 0.183673 0.0662482
v -0.0686694 0.212909 0.00811367
v -0.0674326 0.202286 0.0185155
v -0.0687218 0.205527 0.0296148
v -0.0663685 0.191558 0.0291658
v -0.0665888 0.181776 0.0589395
v -0.0645232 0.176597 0.0502191
v -0.0682623 0.198732 0.00878229
v -0.0691181 0.1901 0.0610158
v -0.0615265 0.178275 0.0352206
v -0.0666693 0.188832 0.0439458
v -0.0671263 0.2 0.0411689
v -0.0682796 0.187624 0.0540458
v -0.0737128 0.262429 0.0559239
v -0.0642305 0.0572484 -0.0318458
v -0.0667352 0.0641846 -0.0267051
v -0.060378 0.0646492 -0.03222
v -0.0485947 0.0976428 -0.0272993
v -0.0587432 0.104529 -0.0282871
v -0.0688188 0.0715368 -0.0235291
v -0.0681567 0.0777597 -0.0238512
v -0.064583 0.0775807 -0.0289574
v -0.0443638 0.0341964 -0.0528722
v -0.0465081 0.0208357 -0.0645465
v -0.0596339 0.02831 -0.0593587
v 0.0317161 0.0484923 -0.0381974
v 0.0241006 0.0572927 -0.0339859
v 0.0360669 0.0568413 -0.0303327
v -0.0573819 0.0737525 -0.0321372
v -0.0535318 0.0637556 -0.0343306
v -0.082745 0.0287959 0.0165465
v -0.072547 0.0415027 0.0146332
v -0.0802344 0.0326737 0.00630067
v -0.0592434 0.0530433 -0.0394958
v -0.0622279 0.0858331 -0.00800936
v 0.0138444 0.0842282 -0.0313172
v 0.00340805 0.0898397 -0.0284533
v -0.0258516 0.0834812 -0.0174524
v -0.0167251 0.0725555 -0.0210269
v -0.0298062 0.0693062 -0.0196553
v -0.0568612 0.0394197 -0.048013
v -0.0641104 0.0346279 -0.0525006
v -0.0498241 0.00865895 -0.0775557
v -0.0208507 0.00781264 -0.0738705
v -0.0158448 0.0807413 -0.0182876
v -0.00656329 0.0817354 -0.0200764
v -0.0620321 0.0681058 -0.00723821
v -0.0618886 0.0550595 -0.00139655
v 0.00590472 0.079232 -0.0305396
v 0.00112893 0.0764594 -0.0277957
v -0.0108661 0.0134813 -0.0715194
v -0.0421265 0.0941836 -0.0213406
v -0.0441247 0.0801054 -0.0270751
v -0.0664081 0.0429395 -0.0482508
v 0.0193814 0.0359999 -0.049215
v 0.0107174 0.0428772 -0.0419975
v 0.0225864 0.0456312 -0.0403484
v -0.0674663 0.0628303 -0.0174409
v -0.088791 0.0230384 0.00362535
v -0.0677664 0.0973055 -0.0239755
v -0.0665258 0.096278 -0.0159046
v -0.0719686 0.0316012 -0.0576641
v -0.0670474 0.0775928 -0.0170509
v -0.00699607 0.101703 -0.0236253
v -0.0508354 0.0781158 -0.0315053
v -0.046534 0.0645332 -0.0303431
v -0.0734011 0.0442798 -0.00363437
v -0.0780987 0.0446411 -0.0213868
v -0.0830646 0.0342952 -0.0163699
v -0.0392464 0.0678886 -0.0254751
v -0.0375292 0.0804834 -0.0196872
v -0.0870151 0.0223132 0.027233
v -0.0474931 0.0493647 -0.0393161
v 0.00378667 0.105568 -0.0288566
v -0.00565391 0.0669631 -0.0272094
v -0.00784133 0.0551285 -0.0318067
v -0.0197671 0.0593106 -0.026926
v -0.0694316 0.0228401 -0.0646733
v -0.0152501 0.0906283 -0.0196816
v 0.0209587 0.0713562 -0.0293969
v 0.0110069 0.0565999 -0.0342648
v 0.00691588 0.0705132 -0.031344
v -0.0575519 0.0869852 -0.030787
v -0.0653124 0.0928385 -0.0300239
v -0.0611413 0.0173881 -0.068473
v -0.0724564 0.0169077 -0.0706419
v 0.0292378 0.0639739 -0.0259834
v -0.0688509 0.0867769 -0.0244795
v -0.0280032 0.01814 -0.0672441
v -0.0235175 0.10509 -0.0181525
v -0.0341397 0.0943338 -0.0167534
v -0.0343032 0.042371 -0.0416801
v -0.0318185 0.033892 -0.0512657
v 0.0517668 0.0182731 -0.0647582
v 0.0504348 0.0229483 -0.0612064
v -0.0628228 0.0133434 -0.0748123
v -0.031753 0.0594194 -0.0260627
v -0.0799611 0.022883 -0.0646231
v -0.0655789 0.103828 -0.0267123
v -0.0865894 0.0144742 -0.0693778
v -0.085265 0.029323 -0.00700726
v -0.071221 0.0519173 -0.0143966
v -0.0699528 0.0543304 -0.0258881
v -0.0846165 0.00523054 -0.064409
v -0.066057 0.0549485 -0.00825127
v 0.0437197 0.0451349 -0.0380148
v 0.0162834 0.0492267 -0.0363966
v 0.0345802 0.0380079 -0.0464269
v 0.0405473 0.0286323 -0.0555174
v 0.0243586 0.0270456 -0.0564977
v -0.0927928 0.00572237 -0.0650322
v -0.0271037 0.0379949 -0.0480003
v -0.0245992 0.0415678 -0.0423314
v 0.000954237 0.0591569 -0.0322138
v -0.000542074 0.0481017 -0.0372764
v -0.0971294 0.00898773 -0.061706
v 0.0104112 0.0110911 -0.0723011
v -0.0346705 0.0257108 -0.0580299
v 0.0252005 0.0174377 -0.0650963
v 0.0117796 0.0216908 -0.0629489
v -0.103677 0.0107087 -0.0499603
v -0.021029 0.0315444 -0.0518722
v -0.102069 0.0100331 -0.0295258
v -0.103492 0.0110725 -0.0384142
v -0.0374699 0.108834 -0.0184352
v -0.0144918 0.0458395 -0.0382762
v -0.00447446 0.0348368 -0.0478938
v 0.00934236 0.0298348 -0.0540818
v 0.0427282 0.0165738 -0.0674311
v -0.00495189 0.021355 -0.0629952
v -0.0724793 0.0454858 -0.0447666
v -0.068748 0.0506547 -0.0374928
v -0.0760045 0.0393456 -0.0524612
v -0.0737364 0.0469894 -0.039964
v -0.0758494 0.0456405 -0.0434888
v -0.0773907 0.0426064 -0.047117
v -0.0753788 0.0468784 -0.0331639
v -0.07895 0.0426164 -0.0419972
v -0.0894809 0.0222072 -0.0633711
v -0.0828247 0.0300738 -0.0585022
v -0.0841475 0.0348353 -0.0504128
v -0.0823979 0.0398215 -0.0351819
v -0.0921607 0.0255242 -0.0564998
v -0.0969826 0.0176066 -0.0611157
v -0.0840871 0.0349179 -0.0430045
v -0.0858762 0.0339013 -0.0292251
v -0.0970023 0.0167077 0.00053867
v -0.0854008 0.031049 -0.0390029
v -0.0907244 0.0277361 -0.0469179
v -0.0982527 0.0195353 -0.0521671
v -0.0985205 0.0189451 -0.0412055
v -0.10008 0.0143975 -0.0214088
v -0.100423 0.0152716 -0.0318617
v -0.0955833 0.0195356 -0.00904671
v -0.091534 0.026714 -0.0363807
v -0.0932329 0.0240648 -0.0247948
v -0.027498 0.049024 -0.0316421
v 0.0369513 0.0226194 -0.0617469
v -0.0426644 0.105552 -0.0232838
v -0.0448388 0.111697 -0.0239206
v -0.0419843 0.111761 -0.0209747
v 0.00145237 0.0131109 -0.0708104
v -0.0392996 0.0544033 -0.0299753
v 0.0105566 0.0158769 -0.0686624
vn -0.0343725 -0.242949 0.96943
vn -0.36197 0.00717729 0.932162
vn -0.0595607 0.0477858 0.99708
vn 0.348751 -0.153248 -0.924601
vn 0.180696 -0.0275808 -0.983152
vn 0.0975253 -0.158542 -0.982524
vn -0.285205 0.796688 0.532866
vn -0.378408 0.750678 0.541563
vn -0.596568 0.451992 0.663182
vn -0.795041 0.0348089 0.605556
vn -0.632855 0.702234 0.326132
vn -0.457624 0.886874 -0.0635199
vn -0.962751 0.227572 0.146017
vn -0.999216 0.037188 0.0135672
vn 0.0199192 0.272717 -0.961888
vn 0.0388068 -0.949157 -0.312401
vn 0.0096612 -0.726475 -0.687125
vn -0.0170942 0.046465 -0.998774
vn 0.471531 -0.258572 0.843089
vn 0.185287 -0.0574958 0.981001
vn 0.0565733 0.0751495 0.995566
vn 0.169479 0.0612076 0.983631
vn -0.122483 -0.983688 -0.131743
vn -0.00999621 -0.996394 -0.0842585
vn -0.433181 -0.299402 -0.850125
vn 0.137381 -0.872449 -0.468998
vn -0.00451044 -0.994579 -0.10389
vn -0.356314 0.899162 0.254064
vn -0.280221 0.957459 -0.0689123
vn 0.0457217 0.0717413 0.996375
vn -0.140087 0.0605224 0.988288
vn 0.126585 0.0820256 0.988559
vn 0.206306 -0.0279307 0.978089
vn 0.0795903 0.018365 0.996659
vn 0.17833 0.113369 0.977418
vn 0.293438 -0.141137 0.945502
vn 0.0494316 -0.998621 0.0176633
vn -0.0101539 -0.998277 0.0577939
vn -0.492319 -0.86751 0.0710442
vn -0.460365 -0.871744 0.167707
vn -0.999025 -0.0434651 0.00777641
vn -0.862327 0.496775 0.09801
vn -0.125754 -0.991888 -0.0185675
vn -0.0362617 -0.999178 0.018135
vn 0.0126715 -0.999402 0.0321829
vn -0.0171847 -0.998521 -0.0515756
vn -0.0195186 -0.990997 -0.13245
vn -0.236431 -0.970521 -0.0467993
vn -0.584363 0.789788 -0.186427
vn -0.666851 0.737132 -0.109296
vn -0.147169 0.864616 -0.480396
vn -0.870146 0.492515 -0.016565
vn -0.497783 0.826608 -0.262548
vn -0.977869 0.18877 0.0902156
vn 0.0859745 0.058556 0.994575
vn -0.00704711 -0.0387008 0.999226
vn 0.020598 0.0469338 0.998686
vn -0.0114239 0.0590591 0.998189
vn -0.430429 -0.051396 -0.90116
vn -0.4928 -0.12763 -0.860731
vn -0.423114 -0.0719672 -0.903214
vn -0.293685 -0.215267 -0.931348
vn -0.169663 0.00121583 -0.985501
vn -0.44297 -0.0484735 -0.895225
vn -0.410823 -0.089894 -0.907273
vn -0.359809 -0.0939624 -0.928283
vn -0.555229 -0.309517 -0.771959
vn -0.229365 0.487915 -0.842218
vn -0.478594 0.0375299 -0.877234
vn -0.451696 0.0162527 -0.892024
vn -0.468308 -0.0764446 -0.880252
vn -0.623399 -0.751448 -0.216103
vn -0.656416 0.750051 0.0808759
vn -0.964627 0.118119 0.235676
vn -0.681269 0.724982 0.10136
vn -0.942756 0.33344 0.00543903
vn -0.687515 -0.72297 0.0681003
vn -0.831628 -0.555085 0.016567
vn -0.0718802 0.717499 -0.692841
vn -0.0292583 0.762 -0.646916
vn -0.025875 0.672679 -0.739482
vn -0.0798189 0.776942 -0.624491
vn -0.25404 0.934969 -0.247583
vn 0.0186049 0.752693 -0.658109
vn -0.0583371 0.841957 -0.536382
vn -0.250238 -0.959531 -0.129159
vn -0.398894 -0.916299 0.0357849
vn -0.924265 0.381682 0.00726242
vn -0.351201 -0.930834 -0.101028
vn -0.937022 -0.349269 -7.45723e-05
vn 0.0818102 0.0767561 0.993688
vn -0.0760574 -0.000243069 0.997103
vn -0.0325561 -0.0352495 0.998848
vn -0.451349 0.567103 0.688969
vn 0.260037 0.258379 0.930388
vn -0.114769 -0.0130379 0.993307
vn 0.673913 -0.158933 -0.721513
vn 0.325928 -0.225281 -0.918161
vn 0.378166 -0.0508988 -0.924337
vn 0.034929 0.0425229 -0.998485
vn 0.00618614 0.0257736 0.999649
vn -0.0189739 0.316167 0.948514
vn -0.0526123 -0.116364 0.991812
vn -0.0416016 -0.0464749 0.998053
vn 0.0347761 0.00671027 0.999373
vn -0.0235674 0.0702744 -0.997249
vn 0.154124 0.127101 -0.979842
vn 0.0499109 0.0528265 -0.997356
vn -0.139539 0.136585 -0.980752
vn -0.430778 0.0343852 -0.901803
vn -0.227312 -0.0675476 -0.971476
vn -0.4819 -0.00322415 -0.87622
vn -0.157158 0.100277 -0.982469
vn 0.0402953 -0.0179521 -0.999027
vn 0.135522 0.0496753 -0.989528
vn -0.303841 0.00277634 -0.952719
vn -0.0676414 0.0562488 -0.996123
vn 0.181947 0.0503205 -0.98202
vn -0.479276 0.0943953 -0.872573
vn 0.111946 -0.182114 -0.976884
vn -0.156935 0.836257 0.525401
vn -0.260623 0.883793 0.388569
vn 0.752911 0.395223 0.526236
vn 0.865469 0.319793 0.385612
vn 0.963001 0.166134 0.212201
vn -0.0823229 0.979414 0.184311
vn 0.273608 0.716197 0.642028
vn 0.0503854 0.884778 0.46328
vn 0.737655 0.391279 0.550242
vn 0.99112 -0.0302951 0.129473
vn 0.90632 0.387553 0.168485
vn -0.240689 0.803309 0.54476
vn 0.892088 0.387461 0.232493
vn 0.370903 0.917301 0.144877
vn 0.493472 0.742867 0.452365
vn 0.70936 0.22048 0.669475
vn 0.571558 0.501727 0.649301
vn 0.949675 0.287812 0.123618
vn 0.151091 0.302107 0.941224
vn 0.238727 0.461403 0.854469
vn -0.038414 0.886697 0.460753
vn 0.0886167 0.966831 0.239551
vn -0.103724 0.853953 0.509908
vn -0.303069 0.512167 0.803638
vn -0.489116 0.239526 0.838685
vn -0.189066 0.0834108 0.978415
vn -0.628172 0.30082 0.71757
vn -0.150502 0.692997 0.705056
vn 0.0596998 0.798546 0.598966
vn 0.117776 0.916047 0.383389
vn -0.210653 0.3801 0.900638
vn 0.989322 0.104751 0.101333
vn 0.0327029 0.578032 0.815359
vn 0.923674 0.276192 -0.265603
vn 0.124627 0.971008 0.203991
vn 0.315487 0.935714 0.157822
vn 0.0748436 0.888818 0.452108
vn 0.0618834 0.978761 0.195439
vn 0.0583694 -0.122838 -0.990709
vn 0.295833 -0.0503866 -0.95391
vn -0.466824 0.0843004 -0.880323
vn -0.41665 0.0464077 -0.907882
vn -0.185574 0.0960805 -0.977922
vn 0.717519 -0.119385 -0.686231
vn 0.933232 0.0172785 -0.358858
vn 0.664823 0.215624 -0.715204
vn 0.399501 0.0164421 -0.916585
vn 0.165065 0.0736412 -0.98353
vn 0.696762 0.034629 -0.716466
vn 0.309277 -0.0278872 -0.950563
vn -0.137205 0.0305205 -0.990072
vn 0.703425 -0.0137517 -0.710637
vn 0.891911 -0.0613744 -0.448026
vn 0.996446 -0.0790944 0.0289602
vn 0.992436 -0.0647159 0.10432
vn 0.835785 -0.0319605 0.548126
vn 0.550856 0.490914 0.674952
vn 0.0794582 0.668904 0.73909
vn 0.315739 0.382603 0.868288
vn -0.0167031 0.539575 0.841772
vn -0.460961 0.566697 0.682913
vn 0.824637 0.0628952 0.562155
vn 0.836536 0.305921 0.454555
vn 0.603774 0.351496 0.715477
vn -0.156396 0.241227 0.957784
vn 0.262237 0.265917 0.927642
vn -0.599008 0.242911 0.763009
vn 0.305413 0.153898 0.939701
vn -0.187781 -0.0248357 0.981897
vn 0.385487 -0.0430966 0.921706
vn 0.836928 -0.102825 0.537567
vn 0.278238 0.0633135 0.958423
vn 0.6298 -0.141993 0.763669
vn 0.624315 0.0315127 0.780537
vn 0.992707 -0.0955005 0.0735708
vn 0.992604 -0.00587409 0.121255
vn 0.995901 -0.0904402 0.00134457
vn 0.998915 0.00484578 -0.0463208
vn 0.500443 0.239637 0.831944
vn 0.94764 0.174004 0.267771
vn 0.919349 -0.0949644 0.381811
vn 0.946586 -0.0971997 0.307454
vn 0.989239 -0.144551 0.0226214
vn 0.854572 0.0207085 0.51892
vn 0.673145 0.249828 0.696033
vn 0.988265 -0.029091 0.149951
vn 0.99953 0.0218388 0.0215014
vn 0.158858 0.0072021 0.987275
vn 0.148379 -0.00637705 0.98891
vn 0.987751 0.0522768 0.147021
vn 0.809668 -0.045446 0.585126
vn 0.578624 0.00153112 0.815593
vn 0.231495 0.0443844 0.971823
vn 0.491424 0.310126 0.813833
vn 0.221152 -0.0362895 0.974564
vn 0.146637 0.0656812 0.987007
vn 0.176288 0.127459 0.976052
vn 0.0828419 0.0659076 0.994381
vn 0.248466 0.132715 0.959506
vn -0.214879 0.233279 0.948371
vn -0.221105 -0.437377 0.871673
vn -0.513921 0.0359544 0.857084
vn -0.218653 -0.931771 0.289817
vn 0.27407 -0.00987243 0.961659
vn 0.254125 -0.427192 0.867714
vn 0.864429 -0.473492 -0.169019
vn -0.281657 -0.936865 0.207253
vn 0.538699 0.0118131 0.842416
vn 0.127775 0.260535 0.956972
vn 0.671071 0.46187 -0.579948
vn 0.660021 0.00442348 -0.751234
vn 0.493403 -0.018017 -0.869614
vn 0.811194 0.581388 0.062871
vn -0.725914 -0.244269 0.642948
vn -0.0878905 -0.132967 -0.987216
vn -0.360951 -0.145193 -0.921213
vn -0.481319 -0.106337 -0.870072
vn -0.0695376 0.107551 -0.991765
vn -0.222443 -0.161331 -0.961505
vn -0.512495 0.0658431 -0.856162
vn -0.537053 0.136029 -0.832508
vn -0.156425 -0.347103 -0.92469
vn -0.102994 -0.221224 -0.969769
vn -0.328605 -0.078621 -0.941189
vn -0.419106 -0.310175 -0.853312
vn -0.193826 -0.264505 -0.944706
vn -0.505653 0.0848542 -0.858554
vn 0.172668 -0.104303 -0.979442
vn 0.0960954 0.0320566 -0.994856
vn -0.562526 0.0435866 -0.82563
vn -0.0335885 0.144944 -0.98887
vn 0.112133 -0.369649 -0.922381
vn 0.413972 0.0719842 -0.907439
vn 0.531384 -0.0241973 -0.846785
vn -0.176135 -0.381007 -0.90764
vn 0.537599 -0.0873108 -0.838668
vn 0.859703 -0.0576544 -0.50753
vn 0.254997 -0.335052 -0.907037
vn -0.0173768 -0.248045 -0.968593
vn 0.932313 -0.10333 -0.346578
vn -0.0213046 -0.210373 0.977389
vn -0.117271 -0.283212 0.95186
vn 0.131752 -0.160858 0.978144
vn 0.0398807 -0.060551 0.997368
vn 0.138456 -0.112548 0.983953
vn 0.43393 -0.282033 0.855665
vn 0.183973 -0.406183 0.89508
vn -0.12545 -0.0388023 0.991341
vn 0.200423 -0.104248 0.974147
vn -0.0811312 -0.221942 0.971679
vn 0.501446 -0.00398012 0.86518
vn 0.0331326 -0.261234 0.964707
vn 0.081649 -0.197554 0.976886
vn -0.0465185 -0.194576 0.979784
vn -0.0601995 -0.191701 0.979605
vn 0.00374943 -0.096822 0.995295
vn 0.0545493 -0.000428196 0.998511
vn 0.102746 -0.0744047 0.991921
vn 0.14667 -0.0670163 0.986913
vn 0.224227 -0.16549 0.960383
vn 0.279836 -0.324619 0.903501
vn 0.144522 -0.0186917 0.989325
vn 0.944764 -0.053917 0.323285
vn 0.990085 0.0134142 0.139827
vn 0.657231 0.0131467 0.753575
vn 0.0708234 -0.102248 0.992235
vn 0.736551 0.0988495 0.66912
vn 0.105748 -0.0537588 0.992939
vn 0.31932 -0.198453 0.926634
vn 0.160644 0.0169971 0.986866
vn 0.139107 -0.112992 0.98381
vn 0.0179979 -0.349589 0.93673
vn -0.821752 0.0361675 -0.568696
vn -0.807646 0.00760997 -0.589619
vn -0.173302 0.0204079 -0.984657
vn -0.936623 -0.00942434 0.350211
vn -0.927352 -0.0288804 0.373075
vn -0.921857 -0.0106136 0.387384
vn -0.886399 0.00656249 -0.462876
vn -0.321854 0.168497 -0.931675
vn -0.446527 0.125551 -0.885918
vn -0.963263 0.126286 0.237016
vn -0.958146 0.16363 0.234908
vn -0.928727 0.0540837 0.366798
vn -0.00533736 0.117797 -0.993023
vn -0.394119 0.103444 -0.913219
vn -0.653935 0.1635 -0.738672
vn 0.239197 0.110744 -0.964635
vn 0.348317 0.0454502 -0.936274
vn -0.06988 0.0900166 -0.993486
vn -0.542697 -0.00591473 -0.839908
vn -0.965727 0.140854 -0.218018
vn -0.986146 0.0525449 -0.157335
vn -0.731052 0.117797 -0.672076
vn -0.9975 0.0220409 -0.0671404
vn -0.234803 -0.171333 -0.956824
vn 0.23963 -0.0625085 -0.96885
vn 0.37231 0.0685981 -0.92557
vn 0.469459 0.113101 -0.87568
vn 0.334671 0.340322 -0.878736
vn 0.753637 0.380133 -0.536218
vn -0.999707 0.0201532 0.013388
vn 0.436234 -0.0759427 -0.896623
vn -0.884914 0.0775863 -0.459247
vn -0.887891 -0.0735466 0.454137
vn 0.0857265 0.0157955 -0.996194
vn 0.417324 -0.000352921 0.908758
vn 0.360467 0.0349253 0.932118
vn 0.00896431 0.116951 0.993097
vn -0.250324 -0.057674 -0.966443
vn -0.505512 0.252816 -0.824949
vn -0.673049 0.701212 -0.235173
vn 0.71238 -0.0275225 0.701254
vn -0.162087 0.102296 0.98146
vn -0.413029 0.0327993 -0.910127
vn -0.0906855 0.00689617 0.995856
vn 0.98655 0.103469 0.126542
vn 0.830939 0.0600628 0.553111
vn 0.902444 0.126401 0.411846
vn 0.930185 -0.091019 0.355629
vn 0.99408 -0.0836444 0.0693412
vn 0.97307 -0.0116488 -0.230214
vn 0.962964 0.103013 -0.249177
vn 0.951603 -0.019258 0.306727
vn 0.16693 -0.146913 -0.974962
vn -0.156214 0.00738108 -0.987696
vn -0.0360067 -0.234072 0.971552
vn 0.475749 -0.299588 0.826988
vn 0.150799 -0.157614 0.975919
vn 0.501623 -0.195455 0.842717
vn 0.385201 -0.116921 0.915396
vn 0.805509 -0.173441 0.566634
vn 0.807151 -0.180653 0.562024
vn 0.857666 -0.292197 0.423118
vn 0.997772 0.0611468 0.0266677
vn 0.999484 -0.016254 -0.0276998
vn 0.982084 0.127425 0.138827
vn 0.990652 -0.136413 7.31562e-05
vn 0.967348 -0.180359 0.178069
vn 0.988836 -0.0908148 -0.118139
vn 0.913931 0.269677 0.303322
vn 0.987935 -0.0557965 0.14447
vn 0.91123 -0.00244136 0.411891
vn 0.727011 0.424325 0.539818
vn 0.392809 0.11893 0.911898
vn 0.981696 -0.173575 -0.0783836
vn 0.901386 0.310847 0.301458
vn 0.998752 -0.0354528 0.0351915
vn 0.944765 0.00353599 0.327731
vn 0.998454 0.0358732 0.0424575
vn 0.997721 0.03303 -0.0588315
vn -0.498962 -0.21087 0.840578
vn -0.829236 -0.190287 0.525508
vn -0.306853 -0.0950536 0.946999
vn 0.680426 -0.00173009 0.732814
vn -0.763271 -0.28312 0.580741
vn 0.953973 0.101856 0.282065
vn 0.965443 0.0401302 0.257506
vn 0.97508 0.0326045 0.219442
vn -0.936094 -0.257702 0.23941
vn 0.778876 0.246635 0.576649
vn 0.178854 0.613347 0.769296
vn 0.141174 0.785524 0.602513
vn 0.381175 0.60057 0.702866
vn -0.344638 -0.846274 0.406257
vn 0.0842877 0.809055 0.581658
vn 0.462012 0.79156 0.399971
vn 0.665066 0.43634 0.606048
vn 0.334955 0.937809 0.0912112
vn 0.18049 0.946795 0.266462
vn 0.329192 0.816863 -0.473674
vn 0.626171 -0.663744 0.409089
vn 0.291903 -0.200187 0.935263
vn -0.351189 0.92307 0.156869
vn 0.52584 0.110228 0.843411
vn 0.341659 0.881719 0.325332
vn 0.165701 0.814821 0.555526
vn -0.0293574 0.604257 0.796249
vn 0.137492 0.347259 0.927635
vn 0.368216 0.925207 0.0916964
vn -0.553857 0.517924 0.651918
vn -0.904456 0.423819 0.048342
vn -0.808229 0.558296 -0.187273
vn -0.795023 0.606399 0.0148134
vn -0.881906 0.337571 -0.329072
vn -0.931813 -0.212775 -0.294025
vn 0.174807 0.423142 0.88904
vn -0.826708 0.562626 0.00265851
vn -0.879348 0.476133 0.00669247
vn -0.690987 0.712945 -0.119359
vn -0.696832 0.697544 0.166904
vn -0.735769 0.535846 -0.414141
vn 0.444724 -0.743307 -0.499715
vn -0.651762 0.291898 -0.700001
vn -0.394943 0.666676 -0.63211
vn 0.160123 0.318764 -0.934211
vn -0.594296 0.143509 -0.79134
vn -0.437821 -0.172926 -0.882275
vn -0.645198 -0.00868712 -0.763966
vn -0.474529 -0.186279 -0.860303
vn 0.72492 0.332214 0.603427
vn 0.345251 0.14073 0.927899
vn 0.461795 0.883987 0.0728832
vn -0.314273 0.587232 -0.745916
vn -0.305453 0.0550363 -0.950615
vn -0.182622 -0.078351 -0.980056
vn -0.191711 -0.069112 -0.979015
vn 0.983143 0.0425078 -0.177829
vn 0.969648 0.0514136 0.239038
vn 0.993543 0.0968453 0.0591105
vn 0.881754 0.392797 0.261189
vn 0.998309 -0.0344059 0.0468578
vn 0.879447 0.395465 0.264916
vn -0.793113 0.373844 -0.480846
vn 0.164081 -0.0704563 -0.983928
vn 0.657673 0.316824 0.683439
vn 0.715763 -0.0803493 0.693706
vn 0.988645 0.01012 -0.149927
vn 0.987078 -0.0534487 -0.151066
vn -0.527245 0.147554 -0.836804
vn -0.452323 -0.293317 -0.842241
vn 0.283034 -0.0111046 0.959046
vn 0.989296 -0.0986913 -0.107488
vn -0.561373 0.225992 0.796108
vn -0.776056 0.567806 0.274471
vn -0.915755 0.0405926 -0.399681
vn -0.971546 0.145434 0.186942
vn 0.0713898 -0.165736 -0.983583
vn -0.859652 -0.438724 -0.261763
vn -0.834952 -0.169605 0.523536
vn -0.438506 -0.112536 0.891655
vn 0.952121 0.039447 0.303164
vn 0.964688 -0.127751 0.230338
vn 0.999927 -0.00825098 -0.00880511
vn -0.141815 0.455184 -0.879031
vn -0.272959 0.48676 -0.829794
vn -0.112968 0.653299 -0.748625
vn -0.178979 0.759666 -0.625199
vn -0.0242337 0.627443 -0.778285
vn -0.0683683 0.695244 -0.715515
vn -0.278706 0.236048 -0.930916
vn -0.0740997 0.4814 -0.873363
vn 0.415073 0.683824 -0.600083
vn -0.132518 0.571124 -0.810097
vn 0.122987 0.758587 -0.639859
vn 0.0715613 0.491935 -0.867686
vn 0.733169 0.638774 -0.233306
vn 0.707446 0.0265111 -0.70627
vn -0.264349 0.34977 -0.898766
vn -0.298768 0.13537 -0.944676
vn 0.747647 -0.0664165 -0.660766
vn 0.473416 0.176997 -0.862873
vn 0.298166 -0.0370861 -0.953793
vn -0.0137461 0.664914 -0.746793
vn 0.146722 0.628841 -0.763565
vn 0.165446 0.692251 -0.702436
vn -0.0394172 0.66949 -0.741775
vn 0.531256 0.402418 -0.745538
vn 0.748478 0.366099 -0.552949
vn 0.0633852 0.618323 -0.783364
vn -0.00344609 0.625403 -0.780294
vn 0.460893 0.519279 -0.719672
vn 0.934488 0.28844 -0.208649
vn 0.768432 0.40095 -0.49875
vn -0.0425831 0.622037 -0.781829
vn -0.0458817 0.708917 -0.703798
vn 0.0530088 0.358095 -0.932179
vn 0.245046 0.105093 -0.963799
vn -0.227114 0.664977 -0.711494
vn 0.0742817 0.66771 -0.740707
vn -0.179445 0.382949 -0.906173
vn -0.473971 0.609423 -0.635575
vn -0.017698 -0.580469 -0.81409
vn 0.149771 -0.570818 -0.807302
vn 0.0338049 -0.0370395 -0.998742
vn -0.02112 0.66668 -0.745045
vn -0.0723932 0.258855 -0.963199
vn -0.00338153 -0.627527 -0.778587
vn 0.0479402 -0.635315 -0.770763
vn 0.124553 -0.493318 -0.860886
vn -0.0885629 -0.133802 -0.987043
vn -0.171534 -0.287042 -0.942435
vn -0.0256412 -0.315646 -0.948531
vn -0.400869 -0.517832 -0.755748
vn -0.0724715 -0.474342 -0.877352
vn -0.175254 0.834598 -0.522238
vn -0.101908 0.113064 -0.988348
vn 0.0445425 -0.224196 -0.973526
vn 0.0436093 -0.383979 -0.922311
vn -0.0581081 -0.152897 -0.986532
vn -0.128743 -0.246482 -0.960558
vn -0.113193 0.184345 -0.976322
vn 0.284092 0.379179 -0.880633
vn 0.360611 -0.0858839 -0.928754
vn 0.0491361 -0.338581 -0.939653
vn -0.424454 0.1839 -0.886577
vn 0.0374851 0.735643 -0.676331
vn 0.268019 0.536738 -0.800049
vn 0.120444 0.804458 -0.581671
vn -0.185682 -0.841073 -0.508053
vn -0.207683 -0.821063 -0.531718
vn 0.226607 -0.678982 -0.698307
vn -0.677854 -0.524008 -0.515683
vn -0.0920394 -0.0255175 -0.995428
vn -0.0557074 0.0129903 -0.998363
vn -0.0556169 -0.0770019 -0.995479
vn -0.630632 0.518032 -0.577881
vn -0.12589 -0.515581 -0.847542
vn -0.0359541 -0.331692 -0.942702
vn -0.111262 -0.497289 -0.860421
vn -0.0563655 -0.195871 -0.979008
vn 0.0614623 -0.36381 -0.929443
vn -0.00704976 -0.332748 -0.942989
vn -0.885889 -0.195317 -0.420774
vn -0.622894 -0.76899 -0.143729
vn -0.0485587 -0.432889 -0.900138
vn -0.0935083 0.00277488 -0.995615
vn 0.032086 -0.516504 -0.855684
vn -0.101109 -0.482513 -0.870033
vn -0.00143264 -0.627929 -0.77827
vn 0.0158604 -0.600814 -0.799232
vn -0.12628 0.541284 -0.831303
vn -0.102759 -0.186304 -0.977104
vn 0.217612 0.114349 -0.969314
vn -0.138545 -0.0736642 -0.987613
vn -0.211243 -0.296468 -0.931388
vn 0.0311627 0.00994616 -0.999465
vn 0.57862 0.0257427 -0.815191
vn 0.303726 -0.400373 -0.864553
vn 0.262164 0.518187 -0.814096
vn 0.251221 0.872829 -0.418398
vn 0.326298 0.940896 -0.090796
vn 0.653099 0.693572 -0.304007
vn 0.28178 0.524052 -0.803723
vn -0.230873 -0.170616 -0.957908
vn 0.70277 -0.125745 0.700216
vn 0.772475 -0.36015 -0.523043
vn 0.754082 -0.337923 -0.563177
vn 0.958244 0.027038 -0.284671
vn 0.963481 -0.264594 -0.0411527
vn 0.668284 -0.168067 0.724673
vn -0.166739 -0.00264866 -0.985997
vn -0.179364 -4.8505e-05 -0.983783
vn 0.960548 -0.155269 0.230737
vn -0.251448 -0.0544422 -0.966339
vn -0.169348 0.00103297 -0.985556
vn -0.232137 -0.360214 -0.903525
vn 0.105151 -0.652373 -0.750568
vn 0.809657 0.137308 0.570616
vn 0.735411 -0.0334146 0.676797
vn 0.802175 -0.163076 0.574388
vn -0.206594 -0.308614 -0.928481
vn -0.205159 0.0053152 -0.978714
vn 0.900675 0.244502 0.359169
vn -0.0551041 0.184467 -0.981293
vn -0.122636 -0.0411487 -0.991598
vn -0.178385 -0.0472963 -0.982823
vn 0.690615 0.598187 0.406477
vn 0.495227 0.840717 0.218963
vn 0.679349 0.731317 -0.0605057
vn 0.103211 0.259628 -0.960178
vn 0.613384 0.463849 -0.639221
vn 0.660051 0.679021 -0.321347
vn -0.145129 0.0568909 -0.987776
vn 0.777525 -0.00839176 -0.628796
vn 0.703144 0.146944 -0.695699
vn 0.0750486 0.0823187 -0.993776
vn 0.461088 0.047333 -0.886091
vn -0.197396 -0.105828 -0.974595
vn 0.872998 0.195624 0.446773
vn 0.965438 0.0611117 -0.253365
vn 0.98974 0.142789 -0.00509599
vn 0.994506 0.0226768 0.102192
vn 0.784906 0.0973797 -0.611915
vn 0.800363 0.0619402 0.596307
vn 0.372506 0.00366794 -0.928022
vn 0.341179 0.131848 0.930706
vn 0.564259 0.177743 0.806238
vn 0.798478 0.252873 0.54634
vn 0.63817 -0.0523126 0.768117
vn 0.198431 0.0333291 0.979548
vn 0.802638 -0.0425928 -0.594944
vn 0.957337 -0.210209 0.198288
vn 0.891557 -0.425713 0.154576
vn 0.847422 -0.109512 0.519502
vn 0.998836 -0.0434434 -0.0209377
vn 0.977852 -0.0181311 0.208513
vn 0.900961 0.0447866 0.431583
vn 0.98599 0.165178 0.0232546
vn 0.912499 -0.125825 -0.389248
vn 0.939759 0.222016 -0.259928
vn 0.916632 0.370854 0.149177
vn 0.941909 0.325177 -0.0840694
vn 0.557486 0.105423 0.823466
vn 0.167595 0.0155387 -0.985733
vn 0.125034 0.314279 0.941061
vn 0.201319 0.419492 0.885154
vn 0.276001 0.274129 0.921236
vn 0.510914 0.855762 -0.0814693
vn 0.414681 0.792593 0.447029
vn 0.215386 0.922559 -0.320146
vn -0.250196 0.670568 -0.698384
vn -0.184041 0.819568 -0.542621
vn -0.24559 0.576174 -0.779557
vn -0.146813 -0.704787 -0.694062
vn -0.306252 -0.447377 -0.840276
vn 0.140001 -0.36143 -0.921829
vn 0.0922276 0.0900623 0.991657
vn -0.175189 -0.326596 -0.928786
vn -0.113081 0.0414671 -0.99272
vn 0.74418 -0.174211 -0.644861
vn 0.523708 0.305768 -0.795133
vn 0.848217 0.413395 -0.331108
vn -0.0134819 0.873515 -0.48661
vn -0.161463 -0.715753 -0.679432
vn -0.0486021 0.753908 -0.655179
vn 0.0955064 0.919619 -0.381023
vn 0.283579 0.776751 -0.562353
vn -0.0557745 0.195489 -0.979119
vn -0.410855 0.167998 -0.896089
vn 0.0993103 0.834844 -0.541455
vn -0.13216 0.576525 -0.80632
vn 0.116604 0.972264 -0.202748
vn 0.352226 0.850759 -0.390059
vn 0.917179 0.394077 -0.0590458
vn 0.565386 0.82037 -0.0856244
vn 0.25091 0.875455 0.413064
vn -0.149111 0.374244 -0.915264
vn 0.127947 0.431733 0.892881
vn 0.0972745 0.36573 0.925624
vn 0.97937 0.141441 0.144323
vn 0.759227 0.565042 0.322959
vn 0.15622 0.429801 0.889307
vn 0.633044 0.396407 0.664918
vn 0.293414 0.241253 0.925044
vn 0.263697 0.170661 0.949389
vn 0.695949 0.404786 0.59313
vn 0.904837 0.274178 0.325725
vn 0.719485 -0.207073 0.662919
vn 0.823823 0.0892326 0.55978
vn 0.0991041 -0.0785785 0.99197
vn 0.658964 -0.105923 -0.744679
vn 0.621708 -0.130448 -0.77231
vn 0.936391 -0.0237466 -0.350155
vn -0.150046 -0.478502 0.865172
vn 0.135024 -0.694036 0.707165
vn -0.372704 -0.810883 0.451177
vn 0.486818 -0.815438 -0.31316
vn 0.982112 -0.155751 0.105823
vn 0.287635 -0.0695581 0.955211
vn -0.403171 -0.369875 0.837046
vn -0.674916 -0.553262 0.488251
vn 0.120945 -0.0995954 0.98765
vn 0.170531 -0.120142 0.978001
vn 0.227853 -0.408189 0.884005
vn 0.401945 -0.0232428 0.915369
vn 0.577905 -0.0921368 0.810886
vn 0.363511 -0.0990186 0.926313
vn 0.997622 0.0101658 0.0681717
vn 0.938531 -0.0333604 0.343581
vn 0.824277 -0.0472542 0.564212
vn 0.361967 -0.220601 -0.905712
vn 0.904774 -0.206768 0.372331
vn 0.643575 -0.594145 0.482497
vn 0.222762 -0.144092 -0.964165
vn 0.852784 -0.425033 0.303491
vn 0.940775 -0.304482 0.149107
vn 0.582185 -0.562628 0.58695
vn 0.960164 -0.275765 -0.0451511
vn 0.649341 -0.411173 0.63976
vn 0.9436 -0.16855 0.284972
vn 0.574221 -0.168791 0.801112
vn -0.214163 -0.587354 -0.78048
vn 0.997079 0.0388961 -0.0657284
vn 0.993506 -0.104459 -0.0451127
vn 0.844224 -0.0447582 0.534119
vn 0.99905 0.00589163 0.0431757
vn 0.153904 0.88491 0.439599
vn 0.356614 0.90253 0.241383
vn 0.176529 0.707669 0.684136
vn 0.0894454 0.40917 0.908064
vn -0.14898 0.57621 0.803609
vn -0.40827 0.407066 0.817076
vn -0.468667 0.540101 0.69903
vn -0.38341 0.480745 0.788594
vn -0.0661298 0.199839 0.977595
vn 0.219869 -0.0167051 0.975386
vn 0.469179 0.252149 0.84634
vn 0.311169 0.551705 0.773819
vn -0.000110751 -0.534168 0.845378
vn 0.0397897 -0.60936 0.791894
vn 0.0565213 0.11905 0.991278
vn 0.0140977 0.669548 0.742635
vn -0.163561 0.870344 0.464487
vn 0.494666 -0.624055 0.604864
vn 0.214522 -0.962567 0.165665
vn 0.278077 -0.959723 0.0400729
vn -0.280146 0.568918 0.773208
vn 0.326808 0.723155 0.608476
vn -0.0526739 0.599151 0.798902
vn 0.323526 -0.378348 0.867285
vn 0.400335 0.668503 0.626766
vn 0.866943 -0.0009606 0.498407
vn 0.749174 0.441798 0.49351
vn 0.789547 0.233679 0.567459
vn -0.372714 0.707247 0.600737
vn -0.0110211 -0.944137 0.329368
vn -0.00935997 -0.945925 0.324251
vn -0.0104229 -0.993744 0.111193
vn 0.791956 0.379603 0.478233
vn 0.689916 0.556766 0.462631
vn 0.787976 0.326952 0.521724
vn -0.294244 0.400537 0.86775
vn 0.333007 0.557851 0.760203
vn 0.256839 0.377686 0.889599
vn 0.520213 -0.0599081 0.851933
vn 0.540063 0.455687 0.707589
vn 0.845578 0.05253 0.531261
vn 0.586439 0.51675 0.623745
vn 0.899128 0.345761 0.268363
vn 0.720381 0.598282 0.350869
vn 0.448692 0.769769 0.454016
vn 0.586319 0.286234 0.757826
vn 0.297322 0.239957 0.924132
vn 0.32468 0.247729 0.912805
vn 0.249199 0.022953 0.96818
vn 0.797017 0.130545 0.589679
vn 0.519092 -0.262272 0.813484
vn 0.379057 0.154343 0.912411
vn 0.341992 0.444842 0.827742
vn 0.445875 -0.091506 0.890405
vn 0.532798 0.741723 0.407399
vn 0.627992 0.777567 0.0318667
vn 0.197049 -0.974689 -0.10561
vn 0.0889338 -0.995351 0.0369649
vn 0.223207 -0.962261 0.155668
vn 0.317154 -0.942286 0.10729
vn 0.874636 -0.449978 0.180364
vn 0.25439 -0.962808 -0.0910323
vn 0.668374 -0.743752 -0.0104495
vn 0.995565 0.0716859 0.0609165
vn 0.943419 0.0693377 0.324273
vn 0.0802529 0.459232 -0.884684
vn 0.0991845 0.523568 -0.846191
vn 0.372654 -0.40549 -0.83469
vn 0.683648 -0.0236442 0.729429
vn 0.0257811 -0.99944 -0.0213175
vn 0.221886 -0.94257 -0.249656
vn 0.160428 -0.980779 -0.111066
vn 0.925156 0.140616 0.352582
vn 0.817796 0.422015 0.391296
vn 0.970831 -0.231808 0.0612475
vn 0.993473 0.0923753 0.0669126
vn 0.997042 0.0670336 -0.0375957
vn 0.494614 -0.700842 0.513982
vn 0.147794 -0.694988 -0.703668
vn 0.559 0.137624 -0.817667
vn 0.976205 0.21183 -0.0463902
vn 0.944031 -0.280219 -0.174018
vn 0.53219 -0.758718 -0.37566
vn 0.662164 0.724084 0.192978
vn 0.634237 0.593326 0.495689
vn 0.664378 0.0834615 0.742722
vn 0.949799 -0.190086 -0.248495
vn 0.812274 0.214118 -0.542553
vn 0.588339 0.778242 0.219537
vn 0.983775 0.0920138 -0.154011
vn 0.880301 0.247726 0.404601
vn 0.803587 0.411756 0.429773
vn 0.851402 0.165263 0.497799
vn 0.813186 0.511789 0.27713
vn 0.626906 0.727642 0.278434
vn 0.974531 0.149595 -0.167064
vn 0.990209 0.00890997 -0.139312
vn 0.626989 0.385836 0.676768
vn 0.711314 -0.267251 0.650084
vn 0.726396 -0.659102 0.194765
vn 0.828061 -0.091603 0.553104
vn 0.248545 -0.1618 0.955011
vn 0.499684 0.64074 0.582897
vn 0.60987 -0.765513 -0.205055
vn 0.532766 0.278767 0.79903
vn 0.660133 0.0464433 0.749712
vn 0.52846 0.364093 0.76692
vn 0.13207 -0.989625 -0.0565619
vn -0.0963216 0.751461 -0.652709
vn 0.204246 -0.969868 0.132816
vn -0.91093 0.109172 -0.397854
vn -0.975334 0.192127 -0.108682
vn -0.995001 0.0782371 0.0620717
vn -0.384689 0.0124906 -0.922962
vn -0.775607 -0.269653 -0.570719
vn -0.912823 -0.0371161 -0.406665
vn -0.941787 -0.0726109 -0.328277
vn 0.717009 -0.3043 -0.627136
vn 0.269299 -0.0128825 0.96297
vn 0.887398 0.00234276 0.460998
vn 0.0562612 0.0140047 0.998318
vn -0.767144 -0.122681 0.629635
vn -0.80842 -0.0918088 0.581402
vn -0.778138 -0.0673672 0.62447
vn -0.283541 -0.236268 0.929399
vn 0.156147 -0.0527773 0.986323
vn 0.296677 -0.088689 0.950851
vn -0.635805 -0.124953 0.761669
vn 0.982511 0.034289 -0.183019
vn -0.992892 -0.0905238 -0.0772756
vn -0.972045 -0.134457 0.192483
vn -0.925821 0.279246 0.254709
vn -0.911538 0.133939 0.388791
vn -0.892987 -0.0604236 0.446007
vn -0.898379 -0.120665 0.422321
vn -0.989366 -0.030433 0.142225
vn -0.986066 -0.0194075 -0.165219
vn -0.972894 -0.154484 -0.172079
vn -0.540943 -0.0610464 0.838841
vn -0.780982 -0.082047 0.619141
vn 0.967018 -0.0183787 -0.254044
vn -0.981901 0.00889354 -0.189186
vn 0.999242 0.0334521 0.0199198
vn 0.962363 0.01936 -0.271077
vn 0.0273454 -0.0969782 0.994911
vn 0.991569 0.0573808 -0.116184
vn 0.965701 0.110788 0.234837
vn 0.97597 0.119633 -0.182129
vn 0.959275 0.00404563 0.282445
vn -0.990994 -0.0142987 -0.133139
vn -0.931421 0.000301624 0.363943
vn 0.845825 0.0230701 0.532962
vn 0.825719 0.00665787 0.564042
vn 0.887241 0.129891 -0.442641
vn 0.552047 0.105421 -0.827121
vn 0.936014 0.152422 0.317246
vn -0.98662 0.0205211 -0.161739
vn 0.777166 0.391504 -0.492683
vn 0.934708 0.00656041 -0.355357
vn 0.795863 0.0543399 0.603034
vn -0.593487 0.00121233 0.804842
vn -0.776561 0.0381979 0.628883
vn -0.490127 -0.0563548 0.869827
vn 0.977187 -0.102941 -0.185765
vn 0.999169 0.0399729 0.00796235
vn -0.951513 -0.175098 0.252912
vn -0.977741 -0.0257372 0.208233
vn -0.353677 -0.131414 0.92609
vn -0.987726 -0.0165716 -0.155314
vn -0.72901 0.00563813 0.68448
vn -0.998988 -0.0228371 0.0387596
vn -0.999767 -0.00774772 -0.0201654
vn -0.999396 0.0181563 -0.029637
vn -0.907601 0.0254121 0.419064
vn 0.718293 -0.100826 0.688397
vn 0.354019 -0.219997 0.908995
vn 0.0593427 -0.161869 0.985026
vn 0.314689 0.111863 0.94258
vn 0.0371219 0.223237 0.974057
vn 0.593017 0.445816 0.670507
vn 0.747061 0.430814 0.50626
vn 0.533474 0.193202 0.823455
vn 0.162785 0.323242 0.93221
vn -0.237883 0.189009 0.952726
vn -0.101979 0.276871 0.955481
vn 0.247188 0.407779 0.878985
vn 0.538191 -0.377009 0.7538
vn -0.237803 0.173961 0.955609
vn -0.549937 -0.0389746 0.834296
vn -0.24611 -0.452482 0.857141
vn 0.237953 0.519225 0.820843
vn 0.5055 0.69378 0.51297
vn 0.807723 0.540111 0.236354
vn -0.218915 0.433328 0.874244
vn 0.0106574 0.116895 0.993087
vn -0.629633 0.419271 0.654044
vn -0.256108 0.233193 0.938099
vn -0.619774 0.463501 0.633283
vn -0.384259 0.371136 0.845342
vn -0.0868115 -0.769851 0.632292
vn 0.0648583 -0.776674 0.626555
vn -0.0639852 0.220288 0.973334
vn -0.619808 -0.557209 0.55259
vn -0.187509 -0.917254 0.351405
vn 0.0833093 -0.0562345 0.994936
vn -0.0781484 -0.117042 0.990048
vn 0.00691373 0.106348 0.994305
vn -0.262457 0.226885 0.937891
vn -0.167076 0.10646 0.980179
vn -0.131904 0.215456 0.967564
vn 0.0361859 -0.0308028 0.99887
vn -0.0499227 0.198007 0.978928
vn 0.0719776 0.144446 0.986891
vn -0.12144 0.231104 0.96532
vn -0.0421145 -0.011984 0.999041
vn -0.00219456 0.159703 0.987163
vn -0.142651 0.335312 0.931245
vn -0.038867 0.129131 0.990866
vn 0.891602 0.451897 0.0289006
vn -0.180371 0.0886446 0.979596
vn 0.00241819 0.267144 0.963654
vn 0.0248451 0.21543 0.976203
vn 0.208336 -0.272076 0.939452
vn -0.68785 0.724339 0.0468504
vn -0.387029 0.345081 0.85506
vn -0.820925 0.456497 0.343064
vn -0.658868 0.551878 0.511198
vn -0.620671 0.145562 0.770441
vn -0.443232 0.562315 0.698103
vn -0.586501 0.497541 0.639117
vn -0.609855 0.524938 0.593732
vn -0.750104 0.630938 0.198144
vn -0.744274 0.477834 0.466616
vn -0.864241 0.501542 -0.0392942
vn -0.788919 0.590411 0.170357
vn -0.965647 0.220055 0.13821
vn -0.719875 0.694098 -0.00281076
vn -0.784483 0.604944 0.136489
vn -0.752832 0.649679 0.105645
vn -0.745766 0.662015 0.0746251
vn -0.920458 -0.0549688 0.386956
vn -0.881453 -0.0646049 0.467833
vn -0.968727 -0.0994097 0.227345
vn -0.997167 0.00735464 0.0748618
vn -0.980855 -0.0138252 0.194249
vn -0.991071 -0.114585 -0.0681785
vn -0.989621 -0.0552501 0.132658
vn -0.995125 -0.0949894 -0.0265225
vn -0.935242 -0.289169 -0.204212
vn -0.816242 -0.300985 -0.49311
vn -0.842859 -0.283584 -0.457349
vn -0.924007 -0.334056 0.186059
vn -0.947894 -0.282681 0.146932
vn -0.99217 -0.0903139 0.0862641
vn -0.226974 -0.36238 -0.903971
vn -0.986848 -0.152125 -0.0546702
vn -0.958114 -0.260538 -0.118901
vn -0.983584 -0.0188494 0.179463
vn -0.8067 -0.149309 -0.571788
vn -0.84796 -0.0138236 -0.52988
vn -0.728896 -0.0910842 -0.678539
vn -0.358362 0.0891335 -0.929318
vn -0.929761 -0.0529079 0.364342
vn 0.0827786 0.011308 -0.996504
vn 0.18355 -0.257017 -0.948816
vn 0.297833 -0.21282 -0.930593
vn -0.972731 -0.0906919 0.21347
vn -0.989197 -0.00598026 -0.146467
vn -0.822936 -0.299603 0.482716
vn -0.206874 -0.0388348 -0.977597
vn 0.0360127 0.0469577 -0.998248
vn -0.0214568 0.154379 -0.987779
vn -0.963275 -0.262602 -0.0560476
vn -0.969024 -0.220378 0.111474
vn -0.035406 -0.109404 -0.993367
vn -0.0307593 -0.15793 -0.986971
vn -0.0626947 0.00346821 -0.998027
vn -0.287612 -0.286016 -0.914043
vn -0.935187 -0.343561 0.0859727
vn 0.186551 -0.483233 -0.855386
vn 0.0499679 -0.476693 -0.877648
vn -0.0805871 -0.0833276 -0.993258
vn 0.067111 -0.197071 -0.97809
vn 0.0450593 0.101757 -0.993788
vn 0.0693732 0.0620799 -0.995657
vn -0.0711521 0.0621215 -0.995529
vn 0.00621612 0.0425586 -0.999075
vn -0.0675743 -0.0705048 -0.99522
vn -0.0286278 -0.310345 -0.950193
vn -0.940674 -0.128363 0.314096
vn -0.092981 -0.109631 -0.989614
vn -0.0941972 0.0336373 -0.994985
vn -0.994631 -0.0372981 -0.0965249
vn -0.145565 -0.134332 -0.980187
vn -0.453288 0.0666137 -0.888872
vn -0.786669 -0.592257 0.17431
vn -0.981866 0.0122392 -0.189182
vn -0.659806 -0.0483027 -0.749882
vn -0.922507 -0.213832 -0.321337
vn -0.0400129 -0.0692369 -0.996798
vn -0.0615997 0.0185035 -0.997929
vn -0.995864 -0.0829221 -0.0371447
vn -0.953303 0.0250458 0.300976
vn -0.983219 0.034368 -0.179163
vn 0.0204884 -0.100284 -0.994748
vn -0.0326631 0.00320553 -0.999461
vn -0.936099 -0.33198 0.116222
vn -0.379986 -0.269323 -0.884915
vn -0.598069 0.104847 -0.794557
vn -0.962527 -0.271182 0.00172768
vn -0.303166 -0.0776729 -0.949767
vn -0.877989 -0.0410224 -0.47692
vn -0.180714 0.0413968 -0.982664
vn -0.534855 -0.266162 -0.801927
vn -0.994991 -0.0484699 -0.0874266
vn -0.834047 -0.21357 -0.508678
vn 0.798229 0.53327 0.280095
vn 0.59486 0.655721 0.464943
vn 0.69539 0.359023 0.622523
vn 0.88896 0.441968 0.120064
vn 0.891022 0.415601 -0.182635
vn 0.619328 0.784949 -0.0169952
vn 0.639243 0.758721 -0.125343
vn 0.421528 0.60123 -0.678849
vn 0.742425 0.598156 -0.301685
vn 0.502114 0.831532 -0.237561
vn -0.0815547 -0.0257556 -0.996336
vn 0.0850567 -0.136481 -0.986984
vn 0.102975 0.182374 -0.977822
vn 0.740673 0.653787 -0.154811
vn 0.822034 0.568825 0.0264379
vn 0.823868 0.419377 -0.381268
vn 0.783145 0.571288 -0.245588
vn 0.878743 0.477296 2.14924e-05
vn 0.570732 0.768406 -0.289512
vn 0.505382 0.7475 -0.431082
vn -0.136512 -0.604271 -0.784997
vn -0.0629771 -0.327813 -0.942641
vn 0.223706 0.222283 -0.948971
vn 0.600413 0.387719 -0.699413
vn 0.578844 0.284081 -0.764355
vn 0.902088 0.411241 -0.130832
vn 0.802745 0.394274 -0.447379
vn 0.826504 0.393339 -0.402711
vn 0.818634 0.570451 -0.0665162
vn 0.462695 0.559433 -0.687712
vn 0.755052 0.614824 0.227789
vn 0.53418 0.342172 0.773027
vn 0.558456 0.640662 -0.526952
vn 0.229192 0.450158 -0.863035
vn 0.380269 0.386724 -0.840143
vn 0.0379753 0.168271 -0.985009
vn 0.195257 -0.00702138 -0.980727
vn 0.72014 0.487505 -0.493697
vn -0.133119 -0.225964 -0.964997
vn 0.945255 0.306544 0.111911
vn 0.722501 0.689624 0.0490978
vn 0.482787 0.240386 -0.842099
vn -0.239114 -0.106507 -0.965132
vn -0.222828 -0.0949307 -0.970225
vn 0.544648 0.837276 -0.0482332
vn 0.871067 0.429644 0.23801
vn 0.59903 0.746825 0.288817
vn 0.663872 0.521404 0.536108
vn 0.0788017 0.218052 -0.97275
vn 0.967108 0.217754 -0.131471
vn 0.884661 0.0834847 -0.4587
vn 0.350171 -0.441178 -0.826282
vn 0.516977 0.841954 0.154429
vn 0.390545 -0.291057 0.873362
vn 0.622837 0.572745 0.532951
vn 0.8309 0.495932 0.252302
vn 0.696199 0.229677 0.680114
vn 0.109406 -0.203131 0.97302
vn 0.504109 0.392672 0.769209
vn 0.195167 0.0481709 0.979586
vn 0.369404 0.0613949 0.927239
vn 0.596766 0.326265 0.733091
vn 0.587327 0.408266 0.698832
vn 0.285705 0.0769133 0.955226
vn 0.390144 0.44859 0.804086
vn 0.341799 0.125929 0.931297
vn 0.367112 0.309802 0.87707
vn 0.357728 0.120815 0.925978
vn 0.0998227 -0.0595608 0.993221
vn -0.104943 -0.3718 -0.922362
vn -0.0644957 -0.568726 -0.819995
vn 0.254018 0.181313 0.950053
vn 0.390269 0.33041 0.859371
vn 0.340883 0.207646 0.916887
vn 0.22214 0.0272689 0.974633
vn -0.0452726 -0.770843 -0.635415
vn 0.190706 0.098097 0.976733
vn 0.413066 0.46381 0.783746
vn 0.768052 0.620216 0.159466
vn 0.965187 0.249204 0.0794437
vn 0.130924 0.110389 0.985227
vn 0.795892 0.560333 0.229309
vn 0.560091 0.698485 0.44544
vn 0.716258 0.593876 0.36645
vn 0.215364 -0.660954 -0.718859
vn -0.797158 -0.542206 0.265615
vn -0.902148 -0.342447 0.262411
vn -0.908981 -0.313963 0.274191
vn -0.0375905 0.0959392 0.994677
vn -0.143585 0.172687 0.974455
vn -0.188806 0.0801408 0.978739
vn -0.372095 0.254539 0.892611
vn -0.0227674 0.419599 0.907424
vn 0.0669747 0.252982 0.96515
vn -0.679109 -0.726192 -0.107029
vn 0.464375 -0.205732 0.861412
vn 0.234394 -0.0987395 0.967114
vn 0.440272 0.155816 0.884241
vn 0.289045 0.202742 0.935601
vn 0.418553 0.282052 0.863285
vn -0.803561 -0.524266 0.281841
vn 0.731695 -0.046351 0.680055
vn -0.347182 0.333455 0.876512
vn -0.87098 -0.488806 0.0496271
vn -0.79251 -0.395146 0.46453
vn -0.848789 -0.409633 0.334301
vn 0.296939 0.238828 0.924548
vn -0.98657 0.0865338 0.138537
vn -0.721394 0.0845859 0.68734
vn -0.834153 0.189739 0.517868
vn 0.851867 0.197552 0.485072
vn 0.750935 0.222247 0.621854
vn -0.978045 -0.118223 0.171616
vn 0.697665 0.14813 0.700943
vn -0.737977 -0.0237726 0.674407
vn 0.267327 0.37275 0.888591
vn 0.0164155 -0.00950812 0.99982
vn -0.879141 -0.325932 0.347678
vn -0.168496 -0.0488712 0.98449
vn -0.998711 0.0177534 0.0475521
vn -0.483428 0.0807517 0.871652
vn -0.934435 0.00101875 0.356134
vn -0.964643 -0.247143 0.0915603
vn -0.876688 -0.433098 0.209391
vn -0.858695 -0.460751 0.224393
vn -0.996766 -0.0704029 0.0387325
vn -0.986222 -0.158245 0.0482223
vn -0.989498 -0.081752 0.119209
vn -0.999242 -0.000309693 0.0389141
vn 0.591877 0.302426 0.747141
vn -0.608217 0.163038 0.776847
vn -0.87894 -0.441289 0.180908
vn -0.919538 -0.385729 0.0752578
vn -0.820898 -0.465589 0.330687
vn -0.850168 -0.489319 0.194372
vn -0.720909 -0.226441 0.654992
vn -0.941922 0.0434161 0.333014
vn -0.993542 0.0151674 0.112442
vn -0.993647 -0.0856108 -0.0730518
vn -0.964493 0.179482 0.193754
vn -0.859752 -0.471602 0.196006
vn -0.878564 -0.317447 0.356866
vn -0.700983 0.034415 0.712347
vn -0.858241 -0.0916739 0.504994
vn -0.939045 0.0251642 0.342871
vn -0.904135 -0.263066 0.336654
vn -0.972953 -0.127282 0.192773
vn -0.980928 -0.193269 -0.0206797
vn -0.886463 -0.339527 0.314492
vn -0.997133 -0.066072 0.0368868
vn -0.993088 -0.0598038 0.100996
vn -0.64469 -0.108314 0.756732
vn -0.445949 -0.00386883 0.89505
vn -0.60521 0.0697361 0.793006
vn -0.994652 -0.102369 0.0137419
vn -0.998377 -0.0427105 0.0376803
vn -0.80213 -0.495405 0.333409
vn -0.98545 -0.169954 -0.00181925
vn -0.932466 -0.0212025 0.360634
vn -0.832047 -0.289693 0.473049
vn -0.940047 -0.178515 0.290592
vn -0.960725 -0.255786 0.107618
vn -0.801519 -0.478988 0.357964
vn 0.52476 0.330397 0.784516
vn -0.975948 0.0253337 0.216525
vn -0.809818 0.142232 0.569179
vn -0.957056 -0.11181 0.267472
vn -0.105691 0.107248 0.988599
vn -0.993155 -0.11632 -0.0106095
vn -0.215568 -0.119928 0.969096
vn -0.39642 -0.230145 0.888754
vn -0.946407 -0.191019 0.260435
vn -0.784532 0.0449304 0.618458
vn -0.835997 -0.371995 0.403396
vn -0.833063 -0.409291 0.37214
vn -0.869714 -0.416931 0.264134
vn -0.861844 -0.45691 0.220134
vn -0.85263 -0.395266 0.341742
vn -0.774774 -0.456995 0.4369
vn -0.979841 -0.158143 0.122074
vn -0.9781 -0.192808 -0.0783941
vn -0.94104 0.00973691 0.338154
vn -0.730682 0.519739 -0.442691
vn -0.9781 -0.0430611 0.203631
vn -0.985375 -0.0390054 0.165877
vn -0.989868 0.139506 -0.026441
vn -0.91556 -0.300696 0.267079
vn -0.925508 -0.352409 -0.138718
vn -0.964508 -0.262658 0.0271282
vn -0.663159 -0.414247 -0.623394
vn -0.980728 -0.0152815 0.194779
vn -0.96377 -0.153184 -0.218363
vn -0.804528 -0.259733 0.53411
vn -0.99327 -0.08319 0.0805861
vn -0.992365 -0.123331 0.000764529
vn -0.995916 -0.0833882 0.0346075
vn -0.964835 -0.258475 -0.0477926
vn -0.940327 -0.326729 0.0950437
vn -0.955943 -0.256618 -0.142547
vn -0.98981 -0.0409525 0.136381
vn -0.976239 -0.0719958 0.204387
vn -0.944123 -0.300837 -0.134643
vn -0.974202 -0.185029 -0.129209
vn -0.999403 -0.00807876 0.0336004
vn -0.976219 -0.175708 -0.126977
vn -0.852684 -0.0801835 0.516237
vn -0.65249 0.476415 -0.58931
vn -0.869639 0.0860573 -0.48613
vn -0.509119 0.226068 -0.830477
vn 0.415542 0.0930064 -0.904806
vn -0.0278768 0.0743392 -0.996843
vn -0.985995 -0.0280881 -0.164394
vn -0.979141 -0.0147003 -0.202648
vn -0.608192 -0.00537134 -0.793772
vn 0.0958502 0.675905 -0.730729
vn 0.0536687 0.694106 -0.717869
vn 0.0595805 0.678057 -0.73259
vn 0.143453 0.594895 -0.790899
vn 0.126805 0.474494 -0.871077
vn 0.186977 0.73213 -0.655
vn -0.207656 0.128661 -0.969704
vn 0.0915376 0.294492 -0.95126
vn -0.754417 0.65476 0.0463027
vn -0.754794 0.651537 0.0760687
vn -0.781752 0.614179 0.107926
vn -0.127833 0.572381 -0.809962
vn -0.814607 -0.0189732 0.579703
vn 0.161897 0.0465045 -0.985711
vn -0.427366 0.0170631 -0.903918
vn -0.0342269 0.0740891 -0.996664
vn -0.179553 0.365688 -0.913254
vn 0.0777672 0.347764 -0.934351
vn 0.0766808 0.620445 -0.780492
vn 0.149352 0.640875 -0.752976
vn 0.0353495 0.46281 -0.885752
vn 0.104765 -0.324999 -0.939893
vn -0.126861 0.0839278 -0.988364
vn -0.450072 0.0774224 -0.88963
vn -0.837014 0.135292 0.530192
vn -0.803085 0.493198 0.33438
vn -0.313586 0.0845489 -0.945788
vn -0.534406 0.137486 -0.833971
vn 0.0206984 0.54855 -0.835861
vn 0.634987 0.0543042 -0.770612
vn 0.632823 0.144552 -0.760684
vn 0.0942264 0.666199 -0.739797
vn -0.00179016 0.663265 -0.748382
vn -0.0209444 0.627038 -0.778707
vn -0.0404778 0.602426 -0.797148
vn -0.968562 0.148256 0.199771
vn -0.702622 0.705029 0.0962093
vn -0.98434 0.0682879 -0.162519
vn -0.93609 -0.00350176 0.351742
vn 0.0736016 0.622212 -0.779381
vn -0.936109 0.0116368 0.351516
vn -0.388209 -0.0343163 -0.920932
vn 0.308301 0.143236 -0.940444
vn 0.512914 0.239108 -0.824468
vn -0.76473 0.613424 0.197228
vn -0.800516 0.589102 0.110146
vn -0.801974 0.573289 0.167862
vn 0.484171 0.274536 -0.830788
vn 0.451519 0.183187 -0.873254
vn -0.750951 0.657408 0.0623489
vn 0.25784 0.560085 -0.787288
vn -0.297844 0.0473244 -0.953441
vn -0.323893 0.357432 -0.875977
vn -0.157228 0.490228 -0.857296
vn -0.178425 0.497223 -0.849078
vn 0.0459351 0.653033 -0.755935
vn -0.211022 -0.100216 -0.972331
vn 0.379841 0.200071 -0.903157
vn 0.000350022 0.345494 -0.938421
vn -0.167252 0.116477 -0.97901
vn -0.0138027 0.111629 -0.993654
vn -0.481653 0.0687189 -0.873663
vn 0.0559636 0.71199 -0.699956
vn -0.0836656 0.588793 -0.803942
vn 0.691776 0.425357 -0.583539
vn -0.989998 0.00743821 -0.140887
vn 0.0190132 0.708242 -0.705714
vn -0.161126 -0.0460507 -0.985859
vn 0.167816 0.0133212 -0.985728
vn 0.130622 0.754129 -0.643605
vn 0.0534474 0.675973 -0.734986
vn -0.0371106 0.720773 -0.692177
vn -0.0423692 0.640155 -0.767077
vn -0.0537115 0.550762 -0.832932
vn 0.124431 0.462828 -0.877671
vn -0.0862575 0.623791 -0.776817
vn -0.683925 0.137802 -0.71642
vn -0.333926 0.118574 -0.935111
vn -0.7541 0.641536 0.140587
vn -0.84064 0.506115 0.1928
vn -0.829544 0.524074 -0.192882
vn -0.101514 -0.893102 -0.438252
vn -0.81223 0.433713 0.390096
vn 0.0478513 0.743346 -0.667193
vn 0.000494334 0.48543 -0.874276
vn -0.00928991 0.682861 -0.73049
vn -0.0604287 0.669546 -0.740309
vn 0.00456798 0.681662 -0.731653
vn -0.346582 -0.78649 -0.511189
vn 0.0700613 0.727958 -0.682033
vn 0.0440532 0.776088 -0.629084
vn -0.218777 0.335305 -0.916355
vn -0.0975754 0.551172 -0.828667
vn -0.751908 -0.434375 -0.495937
vn -0.0221136 0.386326 -0.922097
vn 0.0728462 0.696833 -0.713524
vn 0.00959952 0.712171 -0.70194
vn 0.0370526 0.708214 -0.705025
vn -0.930879 -0.310202 -0.192972
vn 0.0410941 0.706078 -0.70694
vn -0.991479 -0.124133 0.039497
vn -0.999859 -0.00555269 0.0158755
vn 0.2705 -0.023155 -0.962442
vn -0.0761095 0.664449 -0.743448
vn -0.0188023 0.692206 -0.721455
vn -0.0214095 0.702977 -0.71089
vn -0.025545 0.76975 -0.637834
vn 0.00411565 0.728644 -0.68488
vn -0.100965 0.834283 -0.542013
vn -0.409246 0.807218 -0.425343
vn -0.171122 0.683851 -0.70927
vn -0.501263 0.850299 -0.160398
vn -0.483281 0.834559 -0.264483
vn -0.516176 0.729456 -0.448839
vn -0.666839 0.737052 -0.109906
vn -0.74198 0.663554 -0.0957186
vn -0.361197 0.598127 -0.715389
vn -0.268732 0.677253 -0.684917
vn -0.672056 0.68659 -0.277372
vn -0.827374 0.560297 -0.0389881
vn -0.64017 0.701031 -0.314226
vn -0.75082 0.349193 -0.560654
vn -0.832631 0.553624 0.0150205
vn -0.812051 0.583462 0.0120492
vn -0.721086 0.69142 0.0444245
vn -0.793627 0.607073 -0.0402306
vn -0.726076 0.686877 0.0318459
vn -0.79538 0.600414 -0.082906
vn -0.795014 0.606138 0.0234388
vn -0.879325 0.469004 0.0826048
vn -0.849007 0.521631 0.0841895
vn -0.759708 0.642984 0.0970384
vn -0.717372 0.69627 -0.0241944
vn -0.770454 0.63151 0.0871583
vn -0.0201114 0.667769 -0.744096
vn -0.0343761 0.688405 -0.724512
vn 0.631286 0.0132425 -0.775437
vn 0.565296 0.0914855 -0.8198
vn 0.618137 0.0962137 -0.78016
vn -0.0153195 0.541589 -0.840504
vn 0.348639 0.532762 -0.771113
vn 0.0197594 0.693592 -0.720097
vt 0.7716 0.969298
vt 0.752461 0.949127
vt 0.790973 0.933732
vt 0.449 0.0256452
vt 0.474232 0.0124836
vt 0.472769 0.0562032
vt 0.875458 0.928693
vt 0.894239 0.91784
vt 0.892092 0.950846
vt 0.281276 0.0826559
vt 0.269277 0.0508947
vt 0.292567 0.0449748
vt 0.269049 0.0244148
vt 0.899242 0.935949
vt 0.91894 0.951132
vt 0.899448 0.961059
vt 0.914858 0.975162
vt 0.697854 0.062425
vt 0.716288 0.0448245
vt 0.714384 0.0906965
vt 0.704055 0.0244549
vt 0.48287 0.000107677
vt 0.510573 0.00906265
vt 0.481246 0.029811
vt 0.523213 0.0567471
vt 0.478807 0.0746398
vt 0.732565 0.0753515
vt 0.719257 0.0954652
vt 0.726208 0.0634553
vt 0.74073 0.0886094
vt 0.741349 0.136545
vt 0.347516 0.0369178
vt 0.354143 0.0193022
vt 0.362921 0.0399864
vt 0.332029 0.016934
vt 0.332539 0.0397
vt 0.362897 0.053773
vt 0.476209 0.910763
vt 0.503325 0.916509
vt 0.499585 0.929787
vt 0.475594 0.873541
vt 0.504204 0.880523
vt 0.476531 0.946661
vt 0.74158 0.0480185
vt 0.760237 0.0294318
vt 0.783673 0.0478006
vt 0.774905 0.0150778
vt 0.743184 0.00854719
vt 0.98654 0.0780248
vt 0.977264 0.0596577
vt 0.985364 0.0570148
vt 0.965713 0.0491718
vt 0.968878 0.0371267
vt 0.987822 0.038952
vt 0.734918 0.141265
vt 0.705256 0.14479
vt 0.720981 0.13501
vt 0.675183 0.0329877
vt 0.716007 0.11774
vt 0.67667 0.120227
vt 0.793336 0.287112
vt 0.854383 0.320726
vt 0.769724 0.324738
vt 0.763398 0.288645
vt 0.747637 0.294891
vt 0.765804 0.275161
vt 0.837343 0.273241
vt 0.968671 0.0609774
vt 0.973132 0.0803845
vt 0.963763 0.078155
vt 0.987229 0.115801
vt 0.973128 0.10266
vt 0.991792 0.0905355
vt 0.990269 0.132962
vt 0.965996 0.132858
vt 0.0134271 0.131773
vt 0.0336406 0.173708
vt 0.000453527 0.173708
vt 0.0540919 0.157289
vt 0.000802686 0.0972348
vt 0.0324957 0.0929586
vt 0.0458356 0.129607
vt 0.0540919 0.115677
vt 0.189471 0.0510271
vt 0.173765 0.0639314
vt 0.174144 0.040489
vt 0.154829 0.0283499
vt 0.188283 0.0170552
vt 0.186688 0.0378938
vt 0.161196 0.0464669
vt 0.160552 0.000714902
vt 0.153963 0.0639314
vt 0.816166 0.964555
vt 0.804723 0.940576
vt 0.841194 0.967161
vt 0.870024 0.943074
vt 0.856287 0.956593
vt 0.841613 0.940303
vt 0.809975 0.926699
vt 0.859858 0.92544
vt 0.841323 0.915882
vt 0.818168 0.901526
vt 0.317366 0.923396
vt 0.312462 0.936397
vt 0.302229 0.913278
vt 0.295889 0.939634
vt 0.330374 0.93526
vt 0.330374 0.960507
vt 0.298069 0.965804
vt 0.308317 0.954898
vt 0.315954 0.97561
vt 0.181882 0.0695392
vt 0.149344 0.0950477
vt 0.144267 0.0694908
vt 0.216081 0.0681393
vt 0.231726 0.0408364
vt 0.243649 0.079892
vt 0.270898 0.0818703
vt 0.279975 0.0957847
vt 0.202642 0.0473264
vt 0.209499 0.0965373
vt 0.256473 0.0551535
vt 0.899125 0.305303
vt 0.908237 0.295741
vt 0.910864 0.302613
vt 0.941001 0.29292
vt 0.922582 0.320004
vt 0.916014 0.305145
vt 0.879748 0.32008
vt 0.858999 0.324489
vt 0.876231 0.291672
vt 0.900968 0.319704
vt 0.973222 0.273829
vt 0.938342 0.235141
vt 0.956924 0.234659
vt 0.888299 0.241108
vt 0.871799 0.222627
vt 0.902147 0.221121
vt 0.906928 0.253581
vt 0.885485 0.256685
vt 0.887831 0.273829
vt 0.880233 0.239963
vt 0.93059 0.273829
vt 0.867182 0.271601
vt 0.962372 0.396921
vt 0.961435 0.421196
vt 0.943634 0.402395
vt 0.973822 0.411985
vt 0.938455 0.417372
vt 0.9446 0.443445
vt 0.938299 0.38421
vt 0.940231 0.360203
vt 0.962886 0.37368
vt 0.969568 0.352784
vt 0.938839 0.340394
vt 0.986953 0.375743
vt 0.952465 0.490091
vt 0.952465 0.449119
vt 0.977702 0.477891
vt 0.989847 0.47184
vt 0.988339 0.478102
vt 0.990662 0.484009
vt 0.974662 0.498188
vt 0.99806 0.505659
vt 0.99905 0.532699
vt 0.952465 0.532699
vt 0.998851 0.449119
vt 0.057887 0.971255
vt 0.0760712 0.957321
vt 0.0814249 0.988654
vt 0.0181981 0.973947
vt 0.0413683 0.985658
vt 0.0913605 0.903785
vt 0.0771316 0.904931
vt 0.0812873 0.891899
vt 0.110263 0.918453
vt 0.0576304 0.916932
vt 0.0623546 0.945354
vt 0.0510992 0.880912
vt 0.0147354 0.941582
vt 0.031939 0.893118
vt 0.0962011 0.942301
vt 0.0137598 0.909835
vt 0.0129689 0.888548
vt 0.0246887 0.991816
vt 0.0146416 0.988583
vt 0.106078 0.9633
vt 0.964751 0.144098
vt 0.96002 0.162669
vt 0.949844 0.147426
vt 0.986575 0.201458
vt 0.987049 0.217283
vt 0.964372 0.219281
vt 0.948537 0.130214
vt 0.940653 0.162516
vt 0.973461 0.177709
vt 0.95186 0.172688
vt 0.961806 0.197044
vt 0.927932 0.217524
vt 0.940708 0.198381
vt 0.980926 0.160605
vt 0.920021 0.195791
vt 0.93295 0.175732
vt 0.986855 0.138621
vt 0.951205 0.183709
vt 0.935531 0.141266
vt 0.521025 0.107193
vt 0.485254 0.104498
vt 0.483366 0.0804456
vt 0.523519 0.127379
vt 0.484176 0.126536
vt 0.515976 0.196137
vt 0.49427 0.189443
vt 0.505417 0.179051
vt 0.522976 0.177617
vt 0.546937 0.163083
vt 0.535892 0.19098
vt 0.529989 0.193669
vt 0.507318 0.165201
vt 0.49428 0.168447
vt 0.546937 0.191369
vt 0.524814 0.149224
vt 0.52136 0.0943555
vt 0.491214 0.14821
vt 0.514199 0.071515
vt 0.506695 0.203699
vt 0.498577 0.210319
vt 0.492159 0.221414
vt 0.483366 0.203053
vt 0.940782 0.759539
vt 0.931849 0.741106
vt 0.944511 0.732237
vt 0.978181 0.753021
vt 0.961067 0.754181
vt 0.970174 0.737899
vt 0.953565 0.774828
vt 0.954844 0.719589
vt 0.965044 0.70502
vt 0.96787 0.721543
vt 0.976843 0.77481
vt 0.976055 0.722552
vt 0.972701 0.729029
vt 0.97943 0.71636
vt 0.96059 0.730146
vt 0.955976 0.743115
vt 0.923601 0.723892
vt 0.937077 0.712026
vt 0.951265 0.695466
vt 0.937231 0.70105
vt 0.937203 0.689818
vt 0.0490631 0.212708
vt 0.063371 0.209077
vt 0.0578262 0.226153
vt 0.0697027 0.223908
vt 0.0850641 0.212343
vt 0.0123429 0.244197
vt 0.0225449 0.224241
vt 0.0417455 0.228535
vt 0.0726235 0.234164
vt 0.0657958 0.234722
vt 0.0529322 0.18793
vt 0.0713039 0.190256
vt 0.0808187 0.228584
vt 0.0309183 0.200894
vt 0.0520383 0.243548
vt 0.0198083 0.210672
vt 0.0947277 0.190706
vt 0.0684493 0.246081
vt 0.0401073 0.263028
vt 0.018069 0.264595
vt 0.132075 0.0357309
vt 0.119973 0.0452745
vt 0.123626 0.0162005
vt 0.0182541 0.0539735
vt 0.0458006 0.0306798
vt 0.0482129 0.0668545
vt 0.0535219 0.104042
vt 0.040347 0.0834692
vt 0.0757572 0.0561674
vt 0.0777641 0.0852071
vt 0.130041 0.0692018
vt 0.0991117 0.0727186
vt 0.100488 0.0472268
vt 0.0967725 0.0216177
vt 0.0782419 0.0316387
vt 0.105641 0.00124311
vt 0.123008 0.0877526
vt 0.106574 0.0982264
vt 0.0306043 0.0748138
vt 0.0738143 0.00174788
vt 0.149423 0.0578552
vt 0.149423 0.0232179
vt 0.0217955 0.0264664
vt 0.091595 0.110536
vt 0.0378587 0.000574982
vt 0.025144 0.0159291
vt 0.262084 0.914865
vt 0.233906 0.910657
vt 0.278677 0.891993
vt 0.244719 0.943879
vt 0.219439 0.935932
vt 0.183367 0.929622
vt 0.196543 0.922736
vt 0.176018 0.959361
vt 0.259104 0.959571
vt 0.269079 0.947528
vt 0.282316 0.958264
vt 0.282316 0.918073
vt 0.145642 0.898111
vt 0.17421 0.885009
vt 0.170952 0.921885
vt 0.148849 0.92093
vt 0.14086 0.936009
vt 0.13375 0.922979
vt 0.209496 0.883939
vt 0.130496 0.9371
vt 0.115664 0.919462
vt 0.154427 0.937243
vt 0.249615 0.882853
vt 0.209044 0.959319
vt 0.143834 0.943251
vt 0.136768 0.954802
vt 0.131227 0.912666
vt 0.126575 0.957413
vt 0.115664 0.945567
vt 0.116861 0.939983
vt 0.147483 0.942704
vt 0.282316 0.953861
vt 0.916876 0.0481244
vt 0.89321 0.0610669
vt 0.890608 0.0455747
vt 0.907875 0.00324488
vt 0.950148 0.00132372
vt 0.908477 0.024439
vt 0.901432 0.0390547
vt 0.867537 0.00942124
vt 0.88687 0.000447121
vt 0.89077 0.0184632
vt 0.922251 0.0924821
vt 0.939483 0.0596007
vt 0.959404 0.063616
vt 0.873435 0.0573377
vt 0.879256 0.0770682
vt 0.87083 0.0715662
vt 0.877021 0.0349088
vt 0.857386 0.0606727
vt 0.859231 0.0433564
vt 0.893208 0.0323275
vt 0.959404 0.0357376
vt 0.862429 0.0256001
vt 0.861266 0.0722762
vt 0.851834 0.0257592
vt 0.845913 0.0386567
vt 0.894624 0.0834362
vt 0.845528 0.056797
vt 0.832515 0.0421202
vt 0.851545 0.0718647
vt 0.958185 0.0924821
vt 0.833854 0.0567917
vt 0.680124 0.697958
vt 0.678166 0.661842
vt 0.708522 0.653288
vt 0.709997 0.700446
vt 0.722577 0.531021
vt 0.746026 0.521249
vt 0.743881 0.538067
vt 0.648087 0.631235
vt 0.66538 0.613088
vt 0.665157 0.643258
vt 0.732132 0.509606
vt 0.73585 0.604975
vt 0.713001 0.60113
vt 0.721485 0.569922
vt 0.748337 0.564434
vt 0.75882 0.585239
vt 0.749941 0.682429
vt 0.758761 0.704116
vt 0.728888 0.718877
vt 0.750089 0.629524
vt 0.722529 0.623461
vt 0.759039 0.655653
vt 0.735783 0.481123
vt 0.732736 0.492063
vt 0.718723 0.481776
vt 0.714741 0.490761
vt 0.755871 0.611442
vt 0.737047 0.498729
vt 0.676422 0.573633
vt 0.670097 0.518532
vt 0.698441 0.615686
vt 0.625244 0.563835
vt 0.64118 0.52789
vt 0.69091 0.494231
vt 0.624799 0.620411
vt 0.758861 0.718877
vt 0.743314 0.551181
vt 0.940362 0.856872
vt 0.94886 0.86766
vt 0.931789 0.86435
vt 0.973729 0.851877
vt 0.955962 0.833201
vt 0.98917 0.827007
vt 0.979125 0.900239
vt 0.972088 0.911162
vt 0.963186 0.89628
vt 0.977191 0.879941
vt 0.974259 0.870695
vt 0.98917 0.871711
vt 0.945558 0.886176
vt 0.94737 0.876336
vt 0.958163 0.882577
vt 0.952266 0.908721
vt 0.915563 0.87379
vt 0.979157 0.927629
vt 0.929794 0.850928
vt 0.972134 0.886163
vt 0.962958 0.868516
vt 0.985925 0.915741
vt 0.952754 0.852073
vt 0.98917 0.947005
vt 0.971426 0.947005
vt 0.924619 0.912744
vt 0.951585 0.93034
vt 0.922131 0.942714
vt 0.943406 0.94321
vt 0.938972 0.837792
vt 0.900413 0.889466
vt 0.937839 0.84781
vt 0.958245 0.814611
vt 0.899719 0.925625
vt 0.215753 0.168542
vt 0.202818 0.164041
vt 0.209863 0.137244
vt 0.195805 0.143386
vt 0.0719916 0.139587
vt 0.0830145 0.1345
vt 0.0795398 0.159418
vt 0.127445 0.128319
vt 0.140421 0.131849
vt 0.126444 0.155536
vt 0.221875 0.146796
vt 0.175426 0.135509
vt 0.162555 0.101861
vt 0.195328 0.103355
vt 0.148141 0.129743
vt 0.13429 0.159082
vt 0.186182 0.168824
vt 0.106899 0.119445
vt 0.19564 0.157575
vt 0.237413 0.123017
vt 0.224405 0.126673
vt 0.230796 0.113922
vt 0.238974 0.151871
vt 0.232079 0.169078
vt 0.230715 0.149375
vt 0.220397 0.103293
vt 0.234556 0.101629
vt 0.236802 0.140026
vt 0.248584 0.139713
vt 0.100609 0.160889
vt 0.250403 0.107802
vt 0.24899 0.121634
vt 0.229535 0.137109
vt 0.0688545 0.120923
vt 0.0841045 0.11592
vt 0.062301 0.127404
vt 0.0666488 0.130946
vt 0.058688 0.124045
vt 0.150477 0.168835
vt 0.136474 0.130546
vt 0.903447 0.873413
vt 0.890703 0.859693
vt 0.915726 0.858883
vt 0.878473 0.86748
vt 0.865057 0.88016
vt 0.864743 0.863079
vt 0.896255 0.844479
vt 0.876933 0.850234
vt 0.890088 0.82507
vt 0.877301 0.808484
vt 0.898358 0.80566
vt 0.869796 0.832539
vt 0.858094 0.848858
vt 0.829511 0.836723
vt 0.906258 0.827724
vt 0.843229 0.859035
vt 0.839905 0.875857
vt 0.919569 0.827172
vt 0.916277 0.839359
vt 0.850625 0.803544
vt 0.914047 0.816993
vt 0.873425 0.774282
vt 0.917689 0.802507
vt 0.908966 0.775407
vt 0.816013 0.861814
vt 0.887301 0.888742
vt 0.859239 0.916781
vt 0.845397 0.906905
vt 0.829149 0.895634
vt 0.885935 0.899113
vt 0.932473 0.778042
vt 0.927535 0.790843
vt 0.810526 0.882672
vt 0.885288 0.913696
vt 0.925431 0.816109
vt 0.932908 0.760807
vt 0.923249 0.741804
vt 0.720616 0.792687
vt 0.694843 0.790086
vt 0.69329 0.777671
vt 0.671462 0.741675
vt 0.67668 0.734487
vt 0.67454 0.747289
vt 0.691106 0.806589
vt 0.676196 0.789034
vt 0.673989 0.768571
vt 0.649089 0.760891
vt 0.680718 0.759533
vt 0.724066 0.84722
vt 0.735612 0.849045
vt 0.733538 0.862993
vt 0.675436 0.75151
vt 0.683043 0.74566
vt 0.745558 0.864149
vt 0.699337 0.740814
vt 0.696761 0.756978
vt 0.703541 0.835255
vt 0.723019 0.828975
vt 0.754311 0.840138
vt 0.753709 0.769172
vt 0.722397 0.772753
vt 0.669683 0.749345
vt 0.783148 0.842163
vt 0.799163 0.874022
vt 0.663647 0.771927
vt 0.746181 0.920026
vt 0.757671 0.908651
vt 0.7925 0.919187
vt 0.662683 0.746351
vt 0.780767 0.814039
vt 0.721971 0.751484
vt 0.735419 0.903168
vt 0.669015 0.746202
vt 0.747039 0.808522
vt 0.754563 0.94109
vt 0.741533 0.929814
vt 0.768855 0.897402
vt 0.686714 0.730721
vt 0.809497 0.903663
vt 0.749904 0.895472
vt 0.668255 0.74287
vt 0.665941 0.742413
vt 0.735196 0.891014
vt 0.741906 0.87723
vt 0.6694 0.779117
vt 0.723441 0.880957
vt 0.796649 0.841231
vt 0.69488 0.729617
vt 0.23833 0.259354
vt 0.232755 0.27496
vt 0.231526 0.251418
vt 0.26337 0.201962
vt 0.2447 0.22973
vt 0.253902 0.207492
vt 0.0880861 0.242608
vt 0.0895732 0.220558
vt 0.111976 0.227799
vt 0.156221 0.285318
vt 0.165502 0.245025
vt 0.182961 0.268204
vt 0.213747 0.28707
vt 0.191011 0.300412
vt 0.28873 0.177833
vt 0.266066 0.22354
vt 0.258801 0.259108
vt 0.0290856 0.311312
vt 0.0262787 0.353188
vt 0.0125199 0.329357
vt 0.141905 0.327654
vt 0.103994 0.312034
vt 0.129799 0.308061
vt 0.122328 0.339881
vt 0.148559 0.310762
vt 0.161012 0.316898
vt 0.168685 0.2996
vt 0.213966 0.2459
vt 0.286929 0.225028
vt 0.282891 0.247365
vt 0.129053 0.278582
vt 0.107066 0.254277
vt 0.0565684 0.337646
vt 0.0565602 0.29457
vt 0.215139 0.263377
vt 0.247316 0.207027
vt 0.131279 0.238746
vt 0.169073 0.174659
vt 0.090547 0.358279
vt 0.0446091 0.384937
vt 0.218236 0.214072
vt 0.201824 0.232157
vt 0.193577 0.216224
vt 0.195337 0.246501
vt 0.228188 0.231943
vt 0.216113 0.236163
vt 0.289213 0.207397
vt 0.320813 0.225471
vt 0.233795 0.217105
vt 0.218971 0.22615
vt 0.302183 0.193202
vt 0.223011 0.218818
vt 0.0838856 0.258989
vt 0.0918959 0.280105
vt 0.0645323 0.270574
vt 0.583157 0.161581
vt 0.574935 0.168353
vt 0.569947 0.156967
vt 0.600091 0.118047
vt 0.614274 0.102323
vt 0.62113 0.134146
vt 0.633018 0.10124
vt 0.650043 0.136372
vt 0.561655 0.141536
vt 0.580795 0.130496
vt 0.57334 0.178641
vt 0.599313 0.151976
vt 0.576173 0.179478
vt 0.6071 0.0652375
vt 0.607506 0.0694855
vt 0.601617 0.0721939
vt 0.613432 0.0662018
vt 0.600191 0.0558103
vt 0.585394 0.0351571
vt 0.567794 0.0603936
vt 0.561106 0.0470004
vt 0.579064 0.070606
vt 0.589606 0.101802
vt 0.575548 0.112796
vt 0.566353 0.0716067
vt 0.581639 0.182215
vt 0.55628 0.0638668
vt 0.570365 0.0800421
vt 0.546386 0.0752384
vt 0.538152 0.059557
vt 0.643671 0.0833482
vt 0.638782 0.0615574
vt 0.661574 0.0555695
vt 0.664187 0.101543
vt 0.555405 0.084094
vt 0.590728 0.0675343
vt 0.586669 0.173583
vt 0.612283 0.0597786
vt 0.626109 0.0709465
vt 0.611556 0.0778098
vt 0.574563 0.187065
vt 0.623078 0.0579129
vt 0.612343 0.0437935
vt 0.588912 0.172061
vt 0.636591 0.0488753
vt 0.62436 0.0857212
vt 0.669946 0.0771444
vt 0.594508 0.0860443
vt 0.582008 0.0799664
vt 0.528034 0.111226
vt 0.568176 0.0951757
vt 0.608496 0.131259
vt 0.611691 0.143001
vt 0.60117 0.136981
vt 0.593394 0.165468
vt 0.570898 0.801979
vt 0.559486 0.822936
vt 0.544893 0.804214
vt 0.515529 0.801397
vt 0.540116 0.77999
vt 0.574745 0.814227
vt 0.569833 0.836515
vt 0.577353 0.82372
vt 0.636437 0.81433
vt 0.604667 0.84269
vt 0.593679 0.830091
vt 0.585076 0.84758
vt 0.567531 0.776632
vt 0.482421 0.839682
vt 0.46551 0.843888
vt 0.468742 0.827063
vt 0.551328 0.755547
vt 0.519891 0.765608
vt 0.638025 0.753249
vt 0.626279 0.734695
vt 0.64492 0.721144
vt 0.564557 0.742758
vt 0.556413 0.736329
vt 0.524728 0.841502
vt 0.538856 0.830866
vt 0.536773 0.848914
vt 0.517602 0.859681
vt 0.505872 0.842694
vt 0.521728 0.824997
vt 0.497056 0.824821
vt 0.564007 0.85215
vt 0.551099 0.853919
vt 0.552262 0.840165
vt 0.536123 0.874803
vt 0.670985 0.689453
vt 0.677924 0.715397
vt 0.642948 0.691012
vt 0.49071 0.869088
vt 0.577485 0.750123
vt 0.595031 0.807952
vt 0.592717 0.785212
vt 0.627615 0.782247
vt 0.622942 0.723103
vt 0.628565 0.709417
vt 0.516519 0.876203
vt 0.556378 0.868231
vt 0.571523 0.7228
vt 0.662687 0.735557
vt 0.488425 0.807644
vt 0.605392 0.735898
vt 0.600006 0.764809
vt 0.493403 0.783272
vt 0.593359 0.716798
vt 0.610275 0.706046
vt 0.532641 0.743755
vt 0.611241 0.921942
vt 0.600812 0.934595
vt 0.595246 0.917633
vt 0.585749 0.898064
vt 0.582119 0.884626
vt 0.59192 0.872938
vt 0.578311 0.917418
vt 0.563157 0.921496
vt 0.564448 0.901473
vt 0.587629 0.935657
vt 0.57526 0.944111
vt 0.570896 0.951698
vt 0.562516 0.938247
vt 0.574341 0.932254
vt 0.690061 0.879305
vt 0.665407 0.915046
vt 0.649099 0.872149
vt 0.509292 0.910428
vt 0.51813 0.89613
vt 0.521272 0.910048
vt 0.552825 0.912466
vt 0.546515 0.897437
vt 0.552219 0.925399
vt 0.539893 0.914663
vt 0.519257 0.923495
vt 0.722932 0.891381
vt 0.733133 0.941853
vt 0.715676 0.956525
vt 0.520978 0.890293
vt 0.530016 0.901228
vt 0.689361 0.927026
vt 0.670467 0.94518
vt 0.561138 0.889506
vt 0.5461 0.878928
vt 0.609611 0.892665
vt 0.564145 0.891855
vt 0.531261 0.886024
vt 0.571676 0.887361
vt 0.535904 0.956362
vt 0.510609 0.940812
vt 0.527564 0.938608
vt 0.530259 0.920738
vt 0.630115 0.911687
vt 0.692316 0.95819
vt 0.543267 0.936559
vt 0.633672 0.946466
vt 0.625764 0.929011
vt 0.64058 0.927114
vt 0.551014 0.955044
vt 0.559839 0.95163
vt 0.568844 0.960705
vt 0.614701 0.947459
vt 0.598283 0.950365
vt 0.582749 0.953453
vt 0.651918 0.942814
vt 0.61209 0.865557
vt 0.89487 0.634682
vt 0.899711 0.620743
vt 0.914005 0.628481
vt 0.885238 0.627728
vt 0.881018 0.616945
vt 0.911104 0.645886
vt 0.921625 0.63604
vt 0.895738 0.66205
vt 0.922867 0.665262
vt 0.892869 0.646091
vt 0.968814 0.659738
vt 0.944781 0.654751
vt 0.961859 0.647537
vt 0.952146 0.596443
vt 0.957876 0.615888
vt 0.941773 0.60928
vt 0.986932 0.626091
vt 0.963879 0.635865
vt 0.982237 0.604231
vt 0.970118 0.603197
vt 0.985324 0.593639
vt 0.936163 0.625833
vt 0.965321 0.591783
vt 0.905712 0.679898
vt 0.922563 0.678282
vt 0.945637 0.640824
vt 0.932774 0.512021
vt 0.921698 0.571742
vt 0.897885 0.542851
vt 0.942812 0.580484
vt 0.93142 0.59533
vt 0.893588 0.586335
vt 0.893801 0.568288
vt 0.945995 0.672912
vt 0.906514 0.61273
vt 0.906102 0.609843
vt 0.911034 0.609721
vt 0.883052 0.598417
vt 0.875637 0.60552
vt 0.85527 0.592815
vt 0.8661 0.571305
vt 0.855497 0.544626
vt 0.887518 0.606933
vt 0.866475 0.612688
vt 0.898482 0.605332
vt 0.914166 0.596906
vt 0.920212 0.609242
vt 0.912897 0.616672
vt 0.922574 0.618432
vt 0.925169 0.603755
vt 0.929573 0.610161
vt 0.957223 0.556513
vt 0.988849 0.56206
vt 0.989174 0.578886
vt 0.962602 0.579379
vt 0.930438 0.643999
vt 0.854562 0.754738
vt 0.83419 0.739309
vt 0.848461 0.741153
vt 0.849993 0.732216
vt 0.887198 0.725868
vt 0.84913 0.713882
vt 0.883626 0.704218
vt 0.812898 0.643652
vt 0.799972 0.65167
vt 0.799218 0.64359
vt 0.779698 0.604255
vt 0.793415 0.615274
vt 0.772328 0.618284
vt 0.829828 0.795289
vt 0.806466 0.773731
vt 0.84272 0.772208
vt 0.841753 0.598573
vt 0.817093 0.612082
vt 0.817813 0.593653
vt 0.855805 0.617277
vt 0.838288 0.618346
vt 0.760364 0.636732
vt 0.776711 0.642214
vt 0.775693 0.665893
vt 0.814466 0.666012
vt 0.795777 0.597392
vt 0.838033 0.654399
vt 0.844565 0.683133
vt 0.788732 0.652428
vt 0.789818 0.631514
vt 0.806582 0.628711
vt 0.895378 0.692992
vt 0.924484 0.707732
vt 0.878498 0.666576
vt 0.84911 0.635468
vt 0.869141 0.630979
vt 0.820663 0.692227
vt 0.914604 0.744608
vt 0.897821 0.747386
vt 0.795778 0.678038
vt 0.776986 0.690096
vt 0.796164 0.701089
vt 0.813474 0.714968
vt 0.825901 0.631297
vt 0.830439 0.725807
vt 0.842204 0.727579
vt 0.763626 0.716194
vt 0.797189 0.716512
vt 0.815123 0.729189
vt 0.796096 0.731693
vt 0.802197 0.747158
vt 0.769973 0.774703
vt 0.771149 0.7536
vt 0.776197 0.736833
vt 0.874046 0.755388
vt 0.858728 0.748831
vt 0.868278 0.738273
vt 0.87832 0.733327
vt 0.791203 0.813578
vt 0.891226 0.759181
vt 0.805624 0.578341
vt 0.887793 0.641677
vt 0.270012 0.14788
vt 0.28091 0.134075
vt 0.278829 0.149288
vt 0.333518 0.0922589
vt 0.32763 0.113276
vt 0.313955 0.0955813
vt 0.30633 0.120206
vt 0.293516 0.146309
vt 0.27734 0.16296
vt 0.268372 0.1614
vt 0.435154 0.0866914
vt 0.421825 0.0567165
vt 0.470746 0.0654622
vt 0.320273 0.0721823
vt 0.309628 0.0790602
vt 0.302253 0.0512698
vt 0.323421 0.0497668
vt 0.306383 0.0618591
vt 0.398036 0.0770094
vt 0.376651 0.0928557
vt 0.391385 0.0471314
vt 0.263291 0.139239
vt 0.351943 0.110355
vt 0.361798 0.0629591
vt 0.452389 0.0994167
vt 0.45425 0.119382
vt 0.431413 0.110637
vt 0.301856 0.0710575
vt 0.404437 0.102489
vt 0.346315 0.0474148
vt 0.257305 0.158549
vt 0.454821 0.137246
vt 0.442427 0.171964
vt 0.419767 0.136971
vt 0.434814 0.126157
vt 0.415228 0.121831
vt 0.282568 0.104026
vt 0.311254 0.14775
vt 0.323967 0.130489
vt 0.260956 0.116909
vt 0.445467 0.0387402
vt 0.254771 0.133998
vt 0.351861 0.142145
vt 0.332682 0.15388
vt 0.34058 0.12871
vt 0.35731 0.165898
vt 0.381802 0.198135
vt 0.319378 0.205985
vt 0.357467 0.129005
vt 0.373562 0.141505
vt 0.375012 0.118484
vt 0.286307 0.100674
vt 0.301753 0.0802335
vt 0.291259 0.0786812
vt 0.304765 0.175854
vt 0.411318 0.159706
vt 0.411329 0.188698
vt 0.386441 0.165105
vt 0.395439 0.12761
vt 0.395645 0.146036
vt 0.289032 0.170793
vt 0.362938 0.229947
vt 0.474522 0.108629
vt 0.718432 0.240596
vt 0.725894 0.22489
vt 0.739109 0.244866
vt 0.677575 0.292054
vt 0.662117 0.283965
vt 0.676116 0.272942
vt 0.695635 0.265444
vt 0.712916 0.26239
vt 0.711308 0.274159
vt 0.678424 0.2489
vt 0.661363 0.228517
vt 0.680492 0.226273
vt 0.737328 0.181889
vt 0.749402 0.155936
vt 0.758736 0.185381
vt 0.642807 0.273215
vt 0.643768 0.245181
vt 0.659035 0.259885
vt 0.69589 0.28605
vt 0.741644 0.292839
vt 0.728885 0.260267
vt 0.751559 0.267067
vt 0.646577 0.193395
vt 0.640694 0.203848
vt 0.623533 0.150195
vt 0.723205 0.271298
vt 0.711786 0.307969
vt 0.716696 0.286728
vt 0.650676 0.215857
vt 0.68164 0.318148
vt 0.6486 0.170988
vt 0.661157 0.157375
vt 0.661178 0.192614
vt 0.714576 0.251884
vt 0.635713 0.224661
vt 0.621062 0.268171
vt 0.621893 0.207084
vt 0.707694 0.196461
vt 0.708734 0.209506
vt 0.68738 0.202271
vt 0.701454 0.250969
vt 0.668605 0.306446
vt 0.693275 0.238022
vt 0.665104 0.21139
vt 0.673012 0.212105
vt 0.697992 0.183203
vt 0.700523 0.221888
vt 0.681192 0.180772
vt 0.674281 0.163901
vt 0.729736 0.203529
vt 0.74857 0.202835
vt 0.718968 0.184005
vt 0.728179 0.150207
vt 0.72696 0.164958
vt 0.702305 0.152666
vt 0.693425 0.169625
vt 0.674348 0.135878
vt 0.696261 0.158634
vt 0.747685 0.227114
vt 0.682607 0.147072
vt 0.710851 0.169987
vt 0.694906 0.348232
vt 0.756968 0.371193
vt 0.734573 0.362747
vt 0.747959 0.352622
vt 0.736917 0.328038
vt 0.437339 0.618087
vt 0.453172 0.692369
vt 0.402813 0.61926
vt 0.387239 0.579755
vt 0.3717 0.592338
vt 0.370519 0.565035
vt 0.362734 0.606908
vt 0.357718 0.591389
vt 0.352233 0.546658
vt 0.362157 0.531696
vt 0.424375 0.577155
vt 0.403801 0.561408
vt 0.316681 0.674066
vt 0.312257 0.652044
vt 0.326498 0.650548
vt 0.384069 0.541367
vt 0.387712 0.673814
vt 0.399795 0.724054
vt 0.35715 0.68471
vt 0.337319 0.653069
vt 0.3552 0.639667
vt 0.358297 0.50552
vt 0.309018 0.489559
vt 0.355778 0.495764
vt 0.353288 0.570881
vt 0.339652 0.52256
vt 0.332643 0.561042
vt 0.386787 0.560965
vt 0.334406 0.674771
vt 0.315 0.640374
vt 0.314983 0.535792
vt 0.289315 0.52268
vt 0.341629 0.588165
vt 0.461519 0.615766
vt 0.330858 0.633555
vt 0.608261 0.648833
vt 0.617724 0.666006
vt 0.586664 0.660414
vt 0.379402 0.518107
vt 0.33652 0.695035
vt 0.652177 0.652202
vt 0.322045 0.611862
vt 0.311011 0.617353
vt 0.639101 0.676081
vt 0.291687 0.593126
vt 0.293651 0.556685
vt 0.311538 0.572636
vt 0.580864 0.672574
vt 0.596777 0.674156
vt 0.587467 0.677643
vt 0.595924 0.670571
vt 0.615822 0.672138
vt 0.307769 0.597367
vt 0.325032 0.589422
vt 0.571961 0.664437
vt 0.556674 0.671147
vt 0.565139 0.695877
vt 0.580893 0.682428
vt 0.563758 0.649475
vt 0.544317 0.654534
vt 0.615068 0.675358
vt 0.339379 0.615251
vt 0.528293 0.637113
vt 0.546739 0.644826
vt 0.606675 0.680157
vt 0.595896 0.687831
vt 0.37545 0.496777
vt 0.392847 0.506574
vt 0.352854 0.487507
vt 0.513517 0.760947
vt 0.533687 0.699975
vt 0.297999 0.628655
vt 0.404887 0.53191
vt 0.376819 0.730121
vt 0.511628 0.646411
vt 0.385725 0.477437
vt 0.311615 0.706561
vt 0.287217 0.690266
vt 0.29724 0.66363
vt 0.568812 0.699963
vt 0.577683 0.644695
vt 0.323237 0.893056
vt 0.304287 0.886332
vt 0.324607 0.878176
vt 0.320511 0.916277
vt 0.313746 0.908417
vt 0.334042 0.908455
vt 0.357844 0.910884
vt 0.350114 0.897352
vt 0.369658 0.901265
vt 0.348184 0.919273
vt 0.343887 0.838154
vt 0.351618 0.827882
vt 0.361665 0.83993
vt 0.361775 0.930941
vt 0.42854 0.846029
vt 0.426002 0.856705
vt 0.409758 0.856619
vt 0.382962 0.843295
vt 0.376689 0.840525
vt 0.390999 0.840935
vt 0.394642 0.849458
vt 0.405728 0.754752
vt 0.4529 0.736256
vt 0.407711 0.772422
vt 0.460282 0.888053
vt 0.448258 0.874754
vt 0.460475 0.869536
vt 0.292527 0.87452
vt 0.30903 0.870593
vt 0.415762 0.869597
vt 0.440494 0.862974
vt 0.435617 0.883387
vt 0.392483 0.892683
vt 0.382374 0.910858
vt 0.373174 0.851624
vt 0.459878 0.851394
vt 0.386957 0.864217
vt 0.459856 0.780517
vt 0.428483 0.781328
vt 0.341671 0.887262
vt 0.417835 0.80608
vt 0.393144 0.796377
vt 0.458407 0.835518
vt 0.425806 0.834945
vt 0.344702 0.813549
vt 0.318539 0.817273
vt 0.320855 0.804209
vt 0.334684 0.823146
vt 0.431386 0.909407
vt 0.345416 0.87589
vt 0.391589 0.827458
vt 0.422345 0.822602
vt 0.338816 0.798003
vt 0.330591 0.917222
vt 0.37746 0.756995
vt 0.396866 0.746682
vt 0.460475 0.913117
vt 0.333658 0.784544
vt 0.320955 0.790317
vt 0.321821 0.776546
vt 0.337206 0.736256
vt 0.367243 0.736259
vt 0.363457 0.798966
vt 0.349336 0.78192
vt 0.373091 0.831486
vt 0.346589 0.851602
vt 0.327521 0.863496
vt 0.324299 0.851428
vt 0.37531 0.779446
vt 0.37496 0.817248
vt 0.391942 0.94398
vt 0.345061 0.951158
vt 0.387431 0.879155
vt 0.333617 0.843428
vt 0.459028 0.804688
vt 0.369655 0.891046
vt 0.358625 0.864376
vt 0.413479 0.886176
vt 0.458823 0.960713
vt 0.359144 0.884317
vt 0.385747 0.738692
vt 0.410235 0.960272
vt 0.363834 0.960713
vt 0.286428 0.910826
vt 0.458629 0.821865
vt 0.302068 0.905581
vt 0.349697 0.7599
vt 0.367145 0.873799
vt 0.327331 0.830238
vt 0.282959 0.894578
vt 0.331819 0.837757
vt 0.323918 0.841937
vt 0.912211 0.18403
vt 0.899742 0.206601
vt 0.898551 0.169159
vt 0.881999 0.181474
vt 0.831117 0.200789
vt 0.828207 0.21119
vt 0.814474 0.207734
vt 0.82324 0.193449
vt 0.814288 0.226899
vt 0.799826 0.213906
vt 0.789132 0.213972
vt 0.807469 0.19419
vt 0.825583 0.178192
vt 0.840161 0.190719
vt 0.91461 0.160944
vt 0.822958 0.102998
vt 0.821315 0.0864379
vt 0.833752 0.0878933
vt 0.866506 0.190512
vt 0.84538 0.2059
vt 0.865417 0.213776
vt 0.850634 0.219391
vt 0.834336 0.220856
vt 0.922395 0.174164
vt 0.81718 0.1615
vt 0.836855 0.158582
vt 0.799271 0.226192
vt 0.870645 0.202379
vt 0.809097 0.113126
vt 0.821004 0.119817
vt 0.804555 0.124958
vt 0.811921 0.129912
vt 0.851132 0.0969411
vt 0.919069 0.0999098
vt 0.867934 0.115275
vt 0.819347 0.0699395
vt 0.836039 0.0738381
vt 0.834728 0.120394
vt 0.844304 0.101345
vt 0.840976 0.107593
vt 0.873952 0.149341
vt 0.890084 0.134438
vt 0.883295 0.160451
vt 0.850014 0.137655
vt 0.825458 0.14009
vt 0.849745 0.119124
vt 0.857264 0.127047
vt 0.856771 0.157149
vt 0.930319 0.162627
vt 0.848115 0.173981
vt 0.868019 0.133294
vt 0.86071 0.145832
vt 0.83215 0.237562
vt 0.823369 0.251348
vt 0.811127 0.238925
vt 0.836547 0.268448
vt 0.87621 0.251918
vt 0.868227 0.167798
vt 0.82017 0.267756
vt 0.860521 0.180075
vt 0.892741 0.156207
vt 0.902438 0.145198
vt 0.782847 0.0816634
vt 0.746449 0.052764
vt 0.786735 0.0527641
vt 0.808103 0.17699
vt 0.797671 0.121615
vt 0.806685 0.0894221
vt 0.791962 0.185949
vt 0.805827 0.14664
vt 0.798694 0.166467
vt 0.803117 0.133239
vt 0.795299 0.104513
vt 0.803941 0.077067
vt 0.775177 0.210412
vt 0.785557 0.117973
vt 0.791027 0.135941
vt 0.820364 0.0527641
vt 0.799132 0.0675694
vt 0.776177 0.184301
vt 0.779945 0.166991
vt 0.786287 0.105569
vt 0.788733 0.151486
vt 0.773903 0.105825
vt 0.771459 0.134728
vt 0.747848 0.0966636
vt 0.776489 0.152975
vt 0.746449 0.149004
vt 0.929826 0.147924
vt 0.239779 0.780154
vt 0.24907 0.794612
vt 0.229529 0.799831
vt 0.280982 0.798456
vt 0.288833 0.753979
vt 0.312562 0.784076
vt 0.196293 0.840675
vt 0.203516 0.877883
vt 0.185385 0.85243
vt 0.204724 0.796403
vt 0.201014 0.789106
vt 0.207961 0.783861
vt 0.232308 0.827248
vt 0.239618 0.845892
vt 0.224425 0.853334
vt 0.194693 0.782357
vt 0.205661 0.818579
vt 0.269844 0.841966
vt 0.262035 0.811238
vt 0.196109 0.79946
vt 0.188874 0.818915
vt 0.181004 0.831206
vt 0.176731 0.816522
vt 0.263687 0.774421
vt 0.173867 0.79874
vt 0.166267 0.780947
vt 0.180815 0.780137
vt 0.25084 0.758912
vt 0.236961 0.761378
vt 0.234784 0.754666
vt 0.244659 0.813965
vt 0.165253 0.831433
vt 0.152508 0.823089
vt 0.165062 0.815147
vt 0.214335 0.800815
vt 0.21974 0.818636
vt 0.0989086 0.789569
vt 0.123737 0.784945
vt 0.103257 0.807553
vt 0.0984242 0.731677
vt 0.105859 0.736601
vt 0.103868 0.751478
vt 0.25544 0.825289
vt 0.178199 0.759389
vt 0.161175 0.76256
vt 0.141731 0.763
vt 0.172392 0.724318
vt 0.0655281 0.735126
vt 0.0389527 0.718076
vt 0.0731666 0.718179
vt 0.147839 0.782379
vt 0.0389527 0.763157
vt 0.143555 0.814254
vt 0.155892 0.801146
vt 0.07895 0.804957
vt 0.0757316 0.824781
vt 0.118807 0.735117
vt 0.13073 0.742426
vt 0.0795324 0.778219
vt 0.112689 0.770052
vt 0.0836288 0.746133
vt 0.111074 0.71849
vt 0.243679 0.769136
vt 0.264616 0.745158
vt 0.276292 0.718345
vt 0.134177 0.814405
vt 0.131822 0.802865
vt 0.230935 0.766364
vt 0.185994 0.793251
vt 0.184867 0.804019
vt 0.247267 0.748494
vt 0.254672 0.748744
vt 0.248221 0.833849
vt 0.218667 0.7877
vt 0.215638 0.774327
vt 0.184507 0.83962
vt 0.190765 0.763245
vt 0.202267 0.766767
vt 0.0998888 0.83963
vt 0.0545048 0.78486
vt 0.0502858 0.807733
vt 0.0389527 0.794716
vt 0.0389527 0.852663
vt 0.0540549 0.822276
vt 0.294383 0.844545
vt 0.263832 0.794287
vt 0.226632 0.778184
vt 0.312562 0.718076
vt 0.224482 0.759276
vt 0.129278 0.836364
vt 0.116775 0.877883
vt 0.148373 0.845666
vt 0.25408 0.853645
vt 0.213662 0.757402
vt 0.312562 0.838485
vt 0.0662297 0.877883
vt 0.150558 0.868076
vt 0.163663 0.858719
vt 0.167666 0.876727
vt 0.164082 0.845862
vt 0.172211 0.850336
vt 0.151125 0.858324
vt 0.171928 0.839887
vt 0.146142 0.877883
vt 0.180969 0.870208
vt 0.178555 0.841778
vt 0.787682 0.414198
vt 0.800966 0.422035
vt 0.782089 0.419213
vt 0.772071 0.409638
vt 0.746258 0.384753
vt 0.76816 0.392867
vt 0.808773 0.414926
vt 0.797208 0.409909
vt 0.875555 0.407641
vt 0.895807 0.418643
vt 0.876702 0.424695
vt 0.864513 0.379666
vt 0.881251 0.385778
vt 0.87663 0.39604
vt 0.853322 0.417818
vt 0.842155 0.419548
vt 0.840747 0.408249
vt 0.753313 0.377419
vt 0.784442 0.39715
vt 0.786078 0.408645
vt 0.806436 0.40821
vt 0.864591 0.415323
vt 0.915281 0.356652
vt 0.912083 0.344749
vt 0.925998 0.336761
vt 0.862746 0.392319
vt 0.854135 0.401968
vt 0.834053 0.390481
vt 0.828638 0.41304
vt 0.771424 0.384607
vt 0.776595 0.389576
vt 0.814842 0.410324
vt 0.783939 0.377909
vt 0.747425 0.401445
vt 0.744238 0.414719
vt 0.728501 0.401597
vt 0.804673 0.391951
vt 0.794404 0.349173
vt 0.79692 0.367175
vt 0.76716 0.345945
vt 0.816158 0.376824
vt 0.829978 0.359963
vt 0.849193 0.378728
vt 0.853731 0.342026
vt 0.820575 0.396998
vt 0.768632 0.374861
vt 0.91027 0.329777
vt 0.894761 0.352646
vt 0.889304 0.329466
vt 0.90935 0.435168
vt 0.884947 0.435422
vt 0.89078 0.402048
vt 0.875284 0.355538
vt 0.871536 0.368475
vt 0.863967 0.42635
vt 0.835868 0.42793
vt 0.85214 0.432601
vt 0.83253 0.329945
vt 0.808457 0.330619
vt 0.766208 0.416546
vt 0.810527 0.356331
vt 0.913536 0.419822
vt 0.910142 0.408135
vt 0.902856 0.390622
vt 0.870171 0.434247
vt 0.729481 0.416381
vt 0.843484 0.437422
vt 0.928934 0.400528
vt 0.818993 0.423734
vt 0.831607 0.438538
vt 0.933109 0.421439
vt 0.735956 0.429108
vt 0.878144 0.469781
vt 0.873909 0.481364
vt 0.861231 0.473296
vt 0.916293 0.487428
vt 0.881267 0.504122
vt 0.815133 0.438193
vt 0.862499 0.459882
vt 0.83611 0.469886
vt 0.848588 0.448272
vt 0.858339 0.528215
vt 0.847427 0.518148
vt 0.886717 0.53114
vt 0.81153 0.450018
vt 0.801788 0.440292
vt 0.825185 0.452562
vt 0.845045 0.493445
vt 0.720561 0.4319
vt 0.886835 0.372423
vt 0.902609 0.370987
vt 0.802785 0.449315
vt 0.788502 0.433186
vt 0.769938 0.433301
vt 0.797401 0.469461
vt 0.80766 0.530416
vt 0.933109 0.364349
vt 0.917 0.374691
vt 0.785811 0.45184
vt 0.732193 0.390067
vt 0.758916 0.421096
vt 0.891573 0.464737
vt 0.888232 0.449999
vt 0.904668 0.464696
vt 0.904251 0.450036
vt 0.717396 0.407481
vt 0.754093 0.433021
vt 0.795111 0.503595
vt 0.748904 0.511464
vt 0.922021 0.462766
vt 0.895333 0.442405
vt 0.869274 0.445325
vt 0.878006 0.457977
vt 0.931904 0.446957
vt 0.870762 0.332676
vt 0.931882 0.376613
vt 0.929997 0.386467
vt 0.918847 0.386295
vt 0.933109 0.346278
vt 0.752813 0.459456
vt 0.760404 0.479058
vt 0.740104 0.447564
vt 0.729309 0.444584
vt 0.198091 0.491204
vt 0.211184 0.496833
vt 0.195615 0.506438
vt 0.0696258 0.602703
vt 0.0686573 0.587575
vt 0.0814897 0.609133
vt 0.0978078 0.629269
vt 0.0894034 0.643945
vt 0.0782692 0.627716
vt 0.253701 0.469239
vt 0.234333 0.460279
vt 0.256271 0.451372
vt 0.0325251 0.587845
vt 0.0438544 0.578278
vt 0.046531 0.598782
vt 0.0704424 0.636607
vt 0.0785681 0.647329
vt 0.248492 0.437581
vt 0.221944 0.439131
vt 0.0659666 0.64711
vt 0.10252 0.653254
vt 0.244811 0.407061
vt 0.256356 0.423702
vt 0.234709 0.419854
vt 0.180716 0.49239
vt 0.191997 0.483797
vt 0.0739637 0.66093
vt 0.0591325 0.659613
vt 0.0638122 0.609355
vt 0.135684 0.643657
vt 0.122393 0.667193
vt 0.116626 0.638431
vt 0.0447405 0.622448
vt 0.0259908 0.623257
vt 0.040046 0.611309
vt 0.128968 0.618452
vt 0.0456685 0.64581
vt 0.0606985 0.639139
vt 0.110842 0.62189
vt 0.0180123 0.572593
vt 0.0891362 0.665163
vt 0.0366591 0.558147
vt 0.179031 0.467205
vt 0.0558397 0.566558
vt 0.0799507 0.675983
vt 0.0869108 0.69015
vt 0.151317 0.625143
vt 0.0986637 0.612008
vt 0.111373 0.605082
vt 0.0275934 0.602772
vt 0.171324 0.511971
vt 0.157195 0.48355
vt 0.152854 0.455537
vt 0.0366694 0.636801
vt 0.130236 0.590598
vt 0.143322 0.610929
vt 0.19144 0.520498
vt 0.187853 0.54005
vt 0.0581934 0.628438
vt 0.0929657 0.596226
vt 0.0150245 0.589282
vt 0.134509 0.469667
vt 0.141764 0.497689
vt 0.114081 0.453485
vt 0.126426 0.436021
vt 0.139372 0.686126
vt 0.143196 0.665951
vt 0.0860663 0.514014
vt 0.0993126 0.53677
vt 0.0779098 0.525437
vt 0.211707 0.474151
vt 0.102094 0.433179
vt 0.0872355 0.580271
vt 0.0952337 0.569883
vt 0.104995 0.584476
vt 0.0982349 0.555223
vt 0.110183 0.572061
vt 0.0124574 0.547341
vt 0.156484 0.524197
vt 0.110095 0.47797
vt 0.148458 0.5749
vt 0.162104 0.603269
vt 0.0754158 0.560371
vt 0.0502471 0.545313
vt 0.0260401 0.52906
vt 0.0435373 0.525599
vt 0.147589 0.54484
vt 0.182487 0.57935
vt 0.09822 0.451967
vt 0.124013 0.556943
vt 0.0760279 0.442265
vt 0.0848024 0.417466
vt 0.062996 0.488199
vt 0.0798715 0.475569
vt 0.0770138 0.494438
vt 0.129856 0.513298
vt 0.0902418 0.46292
vt 0.0503548 0.613257
vt 0.0677307 0.515637
vt 0.0505341 0.502115
vt 0.0655829 0.502827
vt 0.104119 0.678265
vt 0.114679 0.52871
vt 0.117368 0.690571
vt 0.130263 0.691716
vt 0.108012 0.702332
vt 0.0980695 0.500533
vt 0.0633411 0.531498
vt 0.0296838 0.51116
vt 0.126353 0.712922
vt 0.0486228 0.460157
vt 0.190128 0.441328
vt 0.205783 0.412623
vt 0.168723 0.439711
vt 0.149304 0.427603
vt 0.172033 0.41761
vt 0.176277 0.431494
vt 0.149861 0.408798
vt 0.129273 0.408666
vt 0.223199 0.398165
vt 0.18347 0.398563
vt 0.0275983 0.491029
vt 0.23117 0.38342
vt 0.211507 0.378665
vt 0.203567 0.390129
vt 0.213246 0.51928
vt 0.159652 0.650492
vt 0.108866 0.396866
vt 0.136121 0.397613
vt 0.159313 0.395106
vt 0.169654 0.386093
vt 0.18781 0.379459
vt 0.203293 0.365736
vt 0.223087 0.489125
vt 0.231313 0.480108
vt 0.229986 0.488037
vt 0.248578 0.496888
vt 0.24109 0.486982
vt 0.261409 0.484147
vt 0.232781 0.503592
vt 0.232681 0.520066
vt 0.242491 0.520849
vt 0.246681 0.544232
vt 0.211775 0.690968
vt 0.226994 0.70703
vt 0.206395 0.739315
vt 0.155366 0.690088
vt 0.179498 0.718967
vt 0.162237 0.711794
vt 0.222552 0.572031
vt 0.212299 0.602072
vt 0.286532 0.584314
vt 0.190046 0.609215
vt 0.209308 0.63317
vt 0.169245 0.686081
vt 0.188053 0.685277
vt 0.24288 0.604823
vt 0.233137 0.595676
vt 0.235115 0.614849
vt 0.14831 0.725561
vt 0.263927 0.643061
vt 0.158021 0.671271
vt 0.240569 0.68348
vt 0.2154 0.662427
vt 0.186276 0.65434
vt 0.177182 0.631136
vt 0.170682 0.667801
vt 0.0836832 0.541446
vt 0.40576 0.337217
vt 0.404152 0.319199
vt 0.419755 0.326764
vt 0.477287 0.223581
vt 0.462986 0.270069
vt 0.451568 0.249645
vt 0.402711 0.300684
vt 0.409354 0.290485
vt 0.4201 0.297132
vt 0.438782 0.409071
vt 0.426766 0.445067
vt 0.406982 0.414243
vt 0.604731 0.425222
vt 0.594578 0.399314
vt 0.619656 0.404126
vt 0.431629 0.311081
vt 0.433487 0.333567
vt 0.279812 0.305547
vt 0.303693 0.285141
vt 0.298931 0.313052
vt 0.418068 0.354961
vt 0.377221 0.232862
vt 0.389951 0.25813
vt 0.368585 0.258899
vt 0.62675 0.342227
vt 0.60058 0.334497
vt 0.637209 0.320443
vt 0.585099 0.315269
vt 0.621905 0.301451
vt 0.511816 0.304908
vt 0.523849 0.33177
vt 0.493966 0.328165
vt 0.41654 0.386647
vt 0.400559 0.394578
vt 0.422749 0.491967
vt 0.408047 0.482638
vt 0.464124 0.492516
vt 0.531093 0.315674
vt 0.55106 0.32041
vt 0.372137 0.284783
vt 0.34865 0.288062
vt 0.343827 0.257094
vt 0.577866 0.340642
vt 0.565182 0.34054
vt 0.487331 0.487952
vt 0.511701 0.515784
vt 0.477953 0.280257
vt 0.463686 0.304761
vt 0.398646 0.378542
vt 0.568237 0.449854
vt 0.55661 0.422087
vt 0.58327 0.425644
vt 0.389339 0.309158
vt 0.279477 0.334333
vt 0.254328 0.333033
vt 0.431273 0.233943
vt 0.425065 0.25412
vt 0.410733 0.247566
vt 0.385738 0.40224
vt 0.399484 0.284851
vt 0.568391 0.279932
vt 0.446775 0.30611
vt 0.450084 0.333457
vt 0.333737 0.311327
vt 0.356118 0.33827
vt 0.327006 0.343315
vt 0.468252 0.327434
vt 0.482235 0.304322
vt 0.25618 0.303161
vt 0.237599 0.332861
vt 0.441067 0.367185
vt 0.603227 0.247272
vt 0.597264 0.285462
vt 0.6161 0.274201
vt 0.543277 0.353602
vt 0.529866 0.376769
vt 0.508792 0.357018
vt 0.387333 0.424206
vt 0.540138 0.296911
vt 0.600671 0.366243
vt 0.568338 0.390347
vt 0.572157 0.358378
vt 0.439638 0.285202
vt 0.430703 0.268273
vt 0.625287 0.372182
vt 0.630299 0.355054
vt 0.399057 0.444946
vt 0.378031 0.444115
vt 0.615659 0.384985
vt 0.414279 0.274995
vt 0.629456 0.386249
vt 0.63203 0.390089
vt 0.458283 0.46383
vt 0.635093 0.391538
vt 0.633931 0.399026
vt 0.233068 0.314953
vt 0.248834 0.271636
vt 0.531375 0.263082
vt 0.500314 0.281624
vt 0.27692 0.26015
vt 0.46484 0.388786
vt 0.463095 0.415643
vt 0.629453 0.531213
vt 0.610826 0.516859
vt 0.611975 0.505142
vt 0.39169 0.460185
vt 0.483293 0.347629
vt 0.421991 0.218596
vt 0.328175 0.27294
vt 0.313107 0.244193
vt 0.367594 0.425176
vt 0.438692 0.245291
vt 0.380604 0.465504
vt 0.351108 0.443348
vt 0.447829 0.234542
vt 0.305078 0.338182
vt 0.396567 0.21448
vt 0.363687 0.318214
vt 0.386524 0.332426
vt 0.343433 0.46316
vt 0.361367 0.241048
vt 0.358744 0.302653
vt 0.644492 0.426521
vt 0.629597 0.439708
vt 0.573756 0.410122
vt 0.601827 0.454134
vt 0.602307 0.483704
vt 0.568839 0.478254
vt 0.333558 0.456317
vt 0.474018 0.406969
vt 0.484308 0.397998
vt 0.550788 0.376309
vt 0.538906 0.399317
vt 0.319878 0.44334
vt 0.524278 0.511289
vt 0.547749 0.551934
vt 0.316553 0.469254
vt 0.45278 0.43529
vt 0.557515 0.514509
vt 0.540065 0.484395
vt 0.283009 0.434912
vt 0.303709 0.420377
vt 0.441694 0.228134
vt 0.483358 0.427442
vt 0.263432 0.392836
vt 0.28417 0.401943
vt 0.294062 0.403352
vt 0.5009 0.25379
vt 0.564557 0.210715
vt 0.508781 0.394041
vt 0.5195 0.429487
vt 0.542822 0.456345
vt 0.588084 0.530661
vt 0.50707 0.469705
vt 0.388938 0.371174
vt 0.397492 0.354419
vt 0.381952 0.386594
vt 0.387026 0.362776
vt 0.383197 0.369907
vt 0.378879 0.376479
vt 0.377222 0.352329
vt 0.372825 0.369646
vt 0.34923 0.424506
vt 0.366431 0.405036
vt 0.361697 0.390182
vt 0.358061 0.363242
vt 0.343666 0.411641
vt 0.330814 0.428876
vt 0.355326 0.379435
vt 0.337627 0.36202
vt 0.256782 0.355587
vt 0.237411 0.351914
vt 0.343862 0.377504
vt 0.340002 0.394646
vt 0.324405 0.413838
vt 0.312998 0.398251
vt 0.239426 0.381738
vt 0.276621 0.382405
vt 0.293239 0.391003
vt 0.274757 0.360884
vt 0.326892 0.381055
vt 0.30711 0.369778
vt 0.486121 0.372121
vt 0.585295 0.504112
vt 0.517694 0.208945
vt 0.643367 0.513033
vt 0.480734 0.258859
vt 0.60269 0.219002
vt 0.606341 0.560752
vt 0.482587 0.246487
vt 0.492399 0.231551
vt 0.488393 0.246772
vt 0.51021 0.497929
vt 0.464762 0.354842
vt 0.657841 0.441399
vt 0.656543 0.476832
vt 0.531882 0.5008
vt 0.345635 0.479588
vt 0.484043 0.531036
vt 0.45826 0.221285
vt 0.642962 0.411366
vt 0.638326 0.387383
vt 0.637764 0.386771
usemtl Texture
f 1/1/1 2/2/2 3/3/3
f 4/4/4 5/5/5 6/6/6
f 7/7/7 8/8/8 9/9/9
f 9/10/9 8/11/8 10/12/10
f 11/13/11 10/12/10 8/11/8
f 11/14/11 12/15/12 13/16/13
f 13/16/13 12/15/12 14/17/14
f 15/18/15 16/19/16 17/20/17
f 18/21/18 16/19/16 15/18/15
f 19/22/19 1/23/1 20/24/20
f 20/24/20 1/23/1 21/25/21
f 20/24/20 21/25/21 22/26/22
f 23/27/23 24/28/24 25/29/25
f 26/30/26 27/31/27 24/28/24
f 26/30/26 24/28/24 23/27/23
f 28/32/28 11/33/11 8/34/8
f 28/32/28 12/35/12 11/33/11
f 28/32/28 29/36/29 12/35/12
f 7/37/7 28/32/28 8/34/8
f 30/38/30 31/39/31 32/40/32
f 33/41/33 34/42/34 30/38/30
f 34/42/34 31/39/31 30/38/30
f 35/43/35 30/38/30 32/40/32
f 20/44/20 36/45/36 19/46/19
f 33/47/33 36/45/36 34/48/34
f 36/45/36 20/44/20 34/48/34
f 36/45/36 33/47/33 19/46/19
f 37/49/37 38/50/38 39/51/39
f 39/51/39 40/52/40 41/53/41
f 38/50/38 40/52/40 39/51/39
f 41/53/41 42/54/42 39/51/39
f 39/55/39 43/56/43 44/57/44
f 45/58/45 37/59/37 46/60/46
f 37/59/37 43/56/43 46/60/46
f 39/55/39 44/57/44 37/59/37
f 37/59/37 44/57/44 43/56/43
f 24/61/24 45/62/45 46/63/46
f 24/61/24 46/63/46 47/64/47
f 47/64/47 46/63/46 48/65/48
f 24/61/24 47/64/47 25/66/25
f 24/61/24 27/67/27 45/62/45
f 49/68/49 50/69/50 51/70/51
f 52/71/52 53/72/53 54/73/54
f 50/69/50 53/72/53 51/70/51
f 14/74/14 12/75/12 52/71/52
f 54/73/54 53/72/53 50/69/50
f 12/75/12 53/72/53 52/71/52
f 21/76/21 55/77/55 22/78/22
f 56/79/56 55/77/55 21/76/21
f 1/80/1 3/81/3 21/76/21
f 57/82/57 58/83/58 56/79/56
f 58/83/58 21/76/21 3/81/3
f 58/83/58 57/82/57 21/76/21
f 21/76/21 57/82/57 56/79/56
f 59/84/59 60/85/60 61/86/61
f 61/86/61 62/87/62 63/88/63
f 61/86/61 64/89/64 59/84/59
f 61/86/61 60/85/60 65/90/65
f 63/88/63 64/89/64 61/86/61
f 6/91/6 63/88/63 62/87/62
f 66/92/66 65/90/65 60/85/60
f 62/87/62 61/86/61 65/90/65
f 67/93/67 68/94/68 69/95/69
f 66/96/66 70/97/70 71/98/71
f 68/94/68 72/99/72 71/98/71
f 69/95/69 68/94/68 71/98/71
f 71/98/71 65/100/65 66/96/66
f 71/98/71 62/101/62 65/100/65
f 6/102/6 62/101/62 72/99/72
f 71/98/71 72/99/72 62/101/62
f 69/95/69 71/98/71 70/97/70
f 73/103/73 74/104/74 42/105/42
f 74/104/74 39/106/39 42/105/42
f 74/104/74 75/107/75 76/108/76
f 43/109/43 77/110/77 78/111/78
f 39/106/39 77/110/77 43/109/43
f 76/108/76 78/111/78 77/110/77
f 74/104/74 76/108/76 77/110/77
f 74/104/74 77/110/77 39/106/39
f 74/104/74 73/103/73 75/107/75
f 79/112/79 80/113/80 81/114/81
f 82/115/82 51/116/51 83/117/83
f 12/118/12 29/119/29 83/117/83
f 84/120/84 82/115/82 79/112/79
f 85/121/85 79/112/79 82/115/82
f 83/117/83 85/121/85 82/115/82
f 83/117/83 53/122/53 12/118/12
f 83/117/83 51/116/51 53/122/53
f 80/113/80 79/112/79 85/121/85
f 51/116/51 82/115/82 84/120/84
f 86/123/86 43/124/43 87/125/87
f 76/126/76 88/127/88 78/128/78
f 89/129/89 48/130/48 46/131/46
f 46/131/46 43/124/43 86/123/86
f 89/129/89 46/131/46 86/123/86
f 86/123/86 78/128/78 90/132/90
f 78/128/78 86/123/86 87/125/87
f 86/123/86 90/132/90 89/129/89
f 78/128/78 88/127/88 90/132/90
f 87/125/87 43/124/43 78/128/78
f 91/133/91 92/134/92 93/135/93
f 94/136/94 95/137/95 96/138/96
f 2/139/2 72/140/72 94/136/94
f 2/139/2 1/141/1 72/140/72
f 68/142/68 95/137/95 94/136/94
f 2/139/2 94/136/94 96/138/96
f 2/139/2 96/138/96 92/134/92
f 3/143/3 92/134/92 91/133/91
f 72/140/72 68/142/68 94/136/94
f 2/139/2 92/134/92 3/143/3
f 72/140/72 1/141/1 19/144/19
f 97/145/97 19/146/19 68/147/68
f 72/148/72 19/146/19 97/145/97
f 19/146/19 95/149/95 68/147/68
f 33/150/33 95/149/95 19/146/19
f 98/151/98 99/152/99 4/153/4
f 98/151/98 97/145/97 68/147/68
f 4/153/4 97/145/97 98/151/98
f 5/154/5 99/152/99 100/155/100
f 97/145/97 4/153/4 6/156/6
f 99/152/99 5/154/5 4/153/4
f 97/145/97 6/156/6 72/148/72
f 101/157/101 102/158/102 103/159/103
f 32/160/32 104/161/104 103/159/103
f 103/159/103 31/162/31 105/163/105
f 103/159/103 105/163/105 101/157/101
f 34/164/34 20/165/20 22/166/22
f 34/164/34 105/163/105 31/162/31
f 34/164/34 22/166/22 105/163/105
f 105/163/105 22/166/22 101/157/101
f 104/161/104 32/160/32 31/162/31
f 102/158/102 35/167/35 32/160/32
f 32/160/32 103/159/103 102/158/102
f 31/162/31 103/159/103 104/161/104
f 106/168/106 107/169/107 108/170/108
f 63/171/63 106/168/106 109/172/109
f 110/173/110 111/174/111 112/175/112
f 113/176/113 114/177/114 111/174/111
f 107/169/107 106/168/106 115/178/115
f 111/174/111 116/179/116 112/175/112
f 114/177/114 115/178/115 6/180/6
f 117/181/117 116/179/116 114/177/114
f 118/182/118 114/177/114 113/176/113
f 114/177/114 5/183/5 117/181/117
f 100/184/100 117/181/117 5/183/5
f 119/185/119 64/186/64 63/171/63
f 108/170/108 107/169/107 118/182/118
f 6/180/6 5/183/5 114/177/114
f 63/171/63 6/180/6 106/168/106
f 63/171/63 109/172/109 119/185/119
f 6/180/6 115/178/115 106/168/106
f 118/182/118 115/178/115 114/177/114
f 107/169/107 115/178/115 118/182/118
f 114/177/114 116/179/116 111/174/111
f 111/174/111 110/173/110 113/176/113
f 108/170/108 118/182/118 120/187/120
f 7/188/7 121/189/121 122/190/122
f 123/191/123 124/192/124 125/193/125
f 122/190/122 28/194/28 7/188/7
f 126/195/126 122/190/122 121/189/121
f 127/196/127 128/197/128 121/189/121
f 129/198/129 123/191/123 125/193/125
f 130/199/130 131/200/131 125/193/125
f 125/193/125 131/200/131 129/198/129
f 127/196/127 121/189/121 132/201/132
f 121/189/121 128/197/128 126/195/126
f 127/196/127 123/191/123 129/198/129
f 133/202/133 131/200/131 130/199/130
f 134/203/134 131/200/131 133/202/133
f 9/204/9 132/201/132 7/188/7
f 129/198/129 135/205/135 127/196/127
f 126/195/126 29/206/29 122/190/122
f 134/203/134 135/205/135 131/200/131
f 7/188/7 132/201/132 121/189/121
f 135/205/135 128/197/128 127/196/127
f 122/190/122 29/206/29 28/194/28
f 135/205/135 134/203/134 128/197/128
f 135/205/135 129/198/129 131/200/131
f 126/195/126 128/197/128 134/203/134
f 136/207/136 137/208/137 138/209/138
f 139/210/139 140/211/140 137/208/137
f 139/210/139 137/208/137 136/207/136
f 141/212/141 142/213/142 143/214/143
f 144/215/144 145/216/145 146/217/146
f 144/215/144 146/217/146 147/218/147
f 148/219/148 144/215/144 143/214/143
f 149/220/149 148/219/148 143/214/143
f 150/221/150 146/217/146 145/216/145
f 144/215/144 148/219/148 151/222/151
f 152/223/152 136/207/136 138/209/138
f 144/215/144 141/212/141 143/214/143
f 141/212/141 144/215/144 147/218/147
f 148/219/148 149/220/149 153/224/153
f 153/224/153 151/222/151 148/219/148
f 143/214/143 142/213/142 149/220/149
f 152/223/152 138/209/138 154/225/154
f 140/211/140 139/210/139 153/224/153
f 141/212/141 155/226/155 142/213/142
f 156/227/156 142/213/142 155/226/155
f 156/227/156 157/228/157 158/229/158
f 158/229/158 142/213/142 156/227/156
f 151/222/151 145/216/145 144/215/144
f 151/222/151 153/224/153 139/210/139
f 66/230/66 159/231/159 160/232/160
f 161/233/161 162/234/162 163/235/163
f 70/236/70 66/230/66 162/234/162
f 164/237/164 165/238/165 166/239/166
f 69/240/69 70/236/70 161/233/161
f 167/241/167 168/242/168 166/239/166
f 169/243/169 167/241/167 166/239/166
f 170/244/170 171/245/171 160/232/160
f 172/246/172 173/247/173 160/232/160
f 169/243/169 166/239/166 165/238/165
f 162/234/162 66/230/66 171/245/171
f 173/247/173 174/248/174 165/238/165
f 170/244/170 163/235/163 171/245/171
f 166/239/166 168/242/168 170/244/170
f 170/244/170 168/242/168 163/235/163
f 170/244/170 164/237/164 166/239/166
f 163/235/163 162/234/162 171/245/171
f 175/249/175 176/250/176 174/248/174
f 170/244/170 160/232/160 164/237/164
f 160/232/160 171/245/171 66/230/66
f 174/248/174 173/247/173 175/249/175
f 173/247/173 165/238/165 164/237/164
f 160/232/160 159/231/159 172/246/172
f 161/233/161 70/236/70 162/234/162
f 173/247/173 164/237/164 160/232/160
f 177/251/177 178/252/178 179/253/179
f 180/254/180 178/252/178 181/255/181
f 182/256/182 183/257/183 184/258/184
f 185/259/185 186/260/186 180/254/180
f 127/261/127 132/262/132 178/252/178
f 180/254/180 181/255/181 187/263/187
f 177/251/177 123/264/123 127/261/127
f 179/253/179 188/265/188 184/258/184
f 127/261/127 178/252/178 177/251/177
f 177/251/177 179/253/179 184/258/184
f 124/266/124 123/264/123 183/257/183
f 188/265/188 182/256/182 184/258/184
f 132/262/132 9/267/9 181/255/181
f 184/258/184 123/264/123 177/251/177
f 183/257/183 123/264/123 184/258/184
f 187/263/187 189/268/189 185/259/185
f 180/254/180 179/253/179 178/252/178
f 179/253/179 180/254/180 186/260/186
f 178/252/178 132/262/132 181/255/181
f 186/260/186 185/259/185 189/268/189
f 186/260/186 189/268/189 188/265/188
f 190/269/190 182/256/182 188/265/188
f 185/259/185 180/254/180 187/263/187
f 182/256/182 190/269/190 191/270/191
f 179/253/179 186/260/186 188/265/188
f 192/271/192 193/272/193 194/273/194
f 182/274/182 195/275/195 196/276/196
f 125/277/125 124/278/124 196/276/196
f 196/276/196 197/279/197 198/280/198
f 199/281/199 200/282/200 201/283/201
f 202/284/202 201/283/201 203/285/203
f 204/286/204 194/273/194 202/284/202
f 205/287/205 206/288/206 200/282/200
f 196/276/196 183/289/183 182/274/182
f 196/276/196 198/280/198 125/277/125
f 203/285/203 195/275/195 207/290/207
f 124/278/124 183/289/183 196/276/196
f 197/279/197 201/283/201 200/282/200
f 197/279/197 203/285/203 201/283/201
f 208/291/208 193/272/193 192/271/192
f 197/279/197 196/276/196 195/275/195
f 209/292/209 192/271/192 194/273/194
f 202/284/202 207/290/207 204/286/204
f 206/288/206 198/280/198 200/282/200
f 203/285/203 197/279/197 195/275/195
f 207/290/207 202/284/202 203/285/203
f 208/291/208 199/281/199 193/272/193
f 201/283/201 193/272/193 199/281/199
f 191/293/191 195/275/195 182/274/182
f 198/280/198 130/294/130 125/277/125
f 206/288/206 130/294/130 198/280/198
f 210/295/210 195/275/195 211/296/211
f 195/275/195 191/293/191 211/296/211
f 199/281/199 205/287/205 200/282/200
f 194/273/194 193/272/193 201/283/201
f 210/295/210 207/290/207 195/275/195
f 201/283/201 202/284/202 194/273/194
f 209/292/209 208/291/208 192/271/192
f 198/280/198 197/279/197 200/282/200
f 212/297/212 213/298/213 214/299/214
f 215/300/215 216/301/216 213/298/213
f 217/302/217 218/303/218 219/304/219
f 220/305/220 221/306/221 222/307/222
f 223/308/223 221/306/221 215/300/215
f 95/309/95 33/310/33 224/311/224
f 225/312/225 226/313/226 227/314/227
f 218/303/218 33/310/33 30/315/30
f 227/314/227 98/316/98 67/317/67
f 228/318/228 224/311/224 219/304/219
f 228/318/228 225/312/225 224/311/224
f 216/301/216 218/303/218 213/298/213
f 35/319/35 213/298/213 30/315/30
f 229/320/229 219/304/219 218/303/218
f 226/313/226 230/321/230 231/322/231
f 98/316/98 226/313/226 231/322/231
f 215/300/215 221/306/221 220/305/220
f 224/311/224 225/312/225 95/309/95
f 96/323/96 225/312/225 227/314/227
f 232/324/232 99/325/99 98/316/98
f 223/308/223 215/300/215 212/297/212
f 226/313/226 225/312/225 228/318/228
f 213/298/213 35/319/35 214/299/214
f 218/303/218 224/311/224 33/310/33
f 213/298/213 212/297/212 215/300/215
f 219/304/219 224/311/224 217/302/217
f 67/317/67 98/316/98 68/326/68
f 215/300/215 229/320/229 216/301/216
f 95/309/95 225/312/225 96/323/96
f 216/301/216 229/320/229 218/303/218
f 232/324/232 98/316/98 231/322/231
f 226/313/226 233/327/233 230/321/230
f 226/313/226 98/316/98 227/314/227
f 218/303/218 217/302/217 224/311/224
f 234/328/234 221/306/221 223/308/223
f 226/313/226 228/318/228 233/327/233
f 213/298/213 218/303/218 30/315/30
f 235/329/235 236/330/236 237/331/237
f 109/332/109 106/333/106 238/334/238
f 239/335/239 238/334/238 235/329/235
f 240/336/240 119/337/119 241/338/241
f 242/339/242 243/340/243 120/341/120
f 238/334/238 106/333/106 235/329/235
f 238/334/238 241/338/241 109/332/109
f 244/342/244 245/343/245 246/344/246
f 109/332/109 241/338/241 119/337/119
f 247/345/247 240/336/240 241/338/241
f 237/331/237 239/335/239 235/329/235
f 244/342/244 248/346/248 249/347/249
f 237/331/237 236/330/236 244/342/244
f 247/345/247 250/348/250 237/331/237
f 108/349/108 243/340/243 235/329/235
f 250/348/250 239/335/239 237/331/237
f 251/350/251 240/336/240 247/345/247
f 248/346/248 244/342/244 252/351/252
f 245/343/245 244/342/244 236/330/236
f 252/351/252 244/342/244 246/344/246
f 249/347/249 251/350/251 247/345/247
f 253/352/253 249/347/249 254/353/254
f 255/354/255 245/343/245 236/330/236
f 254/353/254 256/355/256 257/356/257
f 248/346/248 256/355/256 249/347/249
f 252/351/252 258/357/258 248/346/248
f 249/347/249 247/345/247 244/342/244
f 120/341/120 259/358/259 242/339/242
f 243/340/243 108/349/108 120/341/120
f 253/352/253 251/350/251 249/347/249
f 241/338/241 238/334/238 250/348/250
f 239/335/239 250/348/250 238/334/238
f 258/357/258 256/355/256 248/346/248
f 254/353/254 249/347/249 256/355/256
f 257/356/257 256/355/256 260/359/260
f 243/340/243 242/339/242 235/329/235
f 106/333/106 108/349/108 235/329/235
f 237/331/237 244/342/244 247/345/247
f 255/354/255 236/330/236 235/329/235
f 255/354/255 235/329/235 242/339/242
f 241/338/241 250/348/250 247/345/247
f 261/360/261 262/361/262 263/362/263
f 263/362/263 264/363/264 261/360/261
f 265/364/265 266/365/266 267/366/267
f 268/367/268 269/368/269 270/369/270
f 271/370/271 266/365/266 265/364/265
f 272/371/272 273/372/273 274/373/274
f 275/374/275 276/375/276 274/373/274
f 277/376/277 278/377/278 279/378/279
f 280/379/280 263/362/263 281/380/281
f 280/379/280 282/381/282 263/362/263
f 260/382/260 283/383/283 284/384/284
f 285/385/285 284/384/284 283/383/283
f 276/375/276 286/386/286 272/371/272
f 283/383/283 287/387/287 285/385/285
f 274/373/274 288/388/288 56/389/56
f 263/362/263 269/368/269 289/390/289
f 264/363/264 277/376/277 279/378/279
f 263/362/263 282/381/282 277/376/277
f 281/380/281 263/362/263 289/390/289
f 288/388/288 22/391/22 55/392/55
f 265/364/265 290/393/290 271/370/271
f 273/372/273 289/390/289 288/388/288
f 101/394/101 269/368/269 268/367/268
f 272/371/272 274/373/274 276/375/276
f 291/395/291 279/378/279 278/377/278
f 272/371/272 280/379/280 281/380/281
f 277/376/277 264/363/264 263/362/263
f 274/373/274 273/372/273 288/388/288
f 265/364/265 56/389/56 290/393/290
f 281/380/281 289/390/289 273/372/273
f 292/396/292 265/364/265 267/366/267
f 56/389/56 265/364/265 274/373/274
f 288/388/288 55/392/55 56/389/56
f 280/379/280 272/371/272 286/386/286
f 269/368/269 263/362/263 270/369/270
f 288/388/288 289/390/289 269/368/269
f 272/371/272 281/380/281 273/372/273
f 292/396/292 274/373/274 265/364/265
f 101/394/101 22/391/22 269/368/269
f 287/387/287 271/370/271 285/385/285
f 290/393/290 285/385/285 271/370/271
f 288/388/288 269/368/269 22/391/22
f 262/361/262 270/369/270 263/362/263
f 292/396/292 275/374/275 274/373/274
f 293/397/293 294/398/294 295/399/295
f 296/400/296 297/401/297 298/402/298
f 299/403/299 300/404/300 301/405/301
f 302/406/302 303/407/303 304/408/304
f 305/409/305 306/410/306 307/411/307
f 308/412/308 309/413/309 305/409/305
f 300/404/300 310/414/310 308/412/308
f 311/415/311 293/397/293 295/399/295
f 307/411/307 312/416/312 301/405/301
f 301/405/301 312/416/312 299/403/299
f 313/417/313 312/416/312 307/411/307
f 314/418/314 310/414/310 300/404/300
f 315/419/315 294/398/294 293/397/293
f 294/398/294 313/417/313 307/411/307
f 316/420/316 317/421/317 310/414/310
f 306/410/306 295/399/295 294/398/294
f 298/402/298 304/408/304 296/400/296
f 313/417/313 294/398/294 315/419/315
f 318/422/318 319/423/319 320/424/320
f 301/405/301 305/409/305 307/411/307
f 306/410/306 294/398/294 307/411/307
f 321/425/321 320/424/320 319/423/319
f 308/412/308 305/409/305 301/405/301
f 300/404/300 299/403/299 314/418/314
f 313/417/313 315/419/315 296/400/296
f 301/405/301 300/404/300 308/412/308
f 312/416/312 313/417/313 303/407/303
f 315/419/315 322/426/322 297/401/297
f 313/417/313 296/400/296 303/407/303
f 305/409/305 295/399/295 306/410/306
f 309/413/309 318/422/318 323/427/323
f 324/428/324 293/397/293 311/415/311
f 324/428/324 322/426/322 315/419/315
f 324/428/324 315/419/315 293/397/293
f 309/413/309 295/399/295 305/409/305
f 304/408/304 303/407/303 296/400/296
f 312/416/312 303/407/303 302/406/302
f 310/414/310 317/421/317 319/423/319
f 310/414/310 319/423/319 308/412/308
f 308/412/308 318/422/318 309/413/309
f 296/400/296 315/419/315 297/401/297
f 319/423/319 318/422/318 308/412/308
f 297/401/297 325/429/325 298/402/298
f 320/424/320 326/430/326 318/422/318
f 323/427/323 318/422/318 326/430/326
f 327/431/327 93/432/93 328/433/328
f 329/434/329 328/433/328 93/432/93
f 163/435/163 330/436/330 161/437/161
f 331/438/331 332/439/332 67/440/67
f 328/433/328 333/441/333 327/431/327
f 334/442/334 151/443/151 139/444/139
f 332/439/332 145/445/145 67/440/67
f 67/440/67 145/445/145 227/446/227
f 329/434/329 92/447/92 334/442/334
f 335/448/335 161/437/161 330/436/330
f 334/442/334 139/444/139 329/434/329
f 92/447/92 329/434/329 336/449/336
f 337/450/337 338/451/338 339/452/339
f 174/453/174 176/454/176 340/455/340
f 136/456/136 152/457/152 339/452/339
f 340/455/340 341/458/341 174/453/174
f 341/458/341 165/459/165 174/453/174
f 335/448/335 69/460/69 161/437/161
f 165/459/165 341/458/341 337/450/337
f 342/461/342 343/462/343 337/450/337
f 342/461/342 337/450/337 152/457/152
f 336/449/336 93/432/93 92/447/92
f 343/462/343 165/459/165 337/450/337
f 341/458/341 344/463/344 337/450/337
f 330/436/330 345/464/345 346/465/346
f 339/452/339 152/457/152 337/450/337
f 341/458/341 340/455/340 344/463/344
f 136/456/136 339/452/339 338/451/338
f 69/460/69 335/448/335 331/438/331
f 167/466/167 345/464/345 168/467/168
f 169/468/169 345/464/345 167/466/167
f 336/449/336 329/434/329 93/432/93
f 344/463/344 338/451/338 337/450/337
f 328/433/328 329/434/329 139/444/139
f 96/469/96 334/442/334 92/447/92
f 328/433/328 338/451/338 333/441/333
f 176/454/176 333/441/333 340/455/340
f 69/460/69 331/438/331 67/440/67
f 328/433/328 139/444/139 136/456/136
f 333/441/333 176/454/176 327/431/327
f 332/439/332 150/470/150 145/445/145
f 96/469/96 227/446/227 145/445/145
f 328/433/328 136/456/136 338/451/338
f 145/445/145 334/442/334 96/469/96
f 145/445/145 151/443/151 334/442/334
f 330/436/330 168/467/168 345/464/345
f 330/436/330 346/465/346 335/448/335
f 168/467/168 330/436/330 163/435/163
f 340/455/340 333/441/333 344/463/344
f 338/451/338 344/463/344 333/441/333
f 347/471/347 348/472/348 349/473/349
f 350/474/350 351/475/351 352/476/352
f 350/474/350 347/471/347 351/475/351
f 348/472/348 350/474/350 352/476/352
f 353/477/353 348/472/348 354/478/354
f 355/479/355 356/480/356 357/481/357
f 358/482/358 353/477/353 354/478/354
f 359/483/359 360/484/360 358/482/358
f 350/474/350 348/472/348 347/471/347
f 353/477/353 349/473/349 348/472/348
f 355/479/355 361/485/361 353/477/353
f 359/483/359 354/478/354 352/476/352
f 362/486/362 360/484/360 359/483/359
f 362/486/362 352/476/352 363/487/363
f 364/488/364 365/489/365 361/485/361
f 362/486/362 359/483/359 352/476/352
f 360/484/360 366/490/366 358/482/358
f 356/480/356 355/479/355 358/482/358
f 367/491/367 364/488/364 361/485/361
f 351/475/351 363/487/363 352/476/352
f 353/477/353 365/489/365 349/473/349
f 359/483/359 358/482/358 354/478/354
f 366/490/366 368/492/368 356/480/356
f 369/493/369 357/481/357 370/494/370
f 370/494/370 357/481/357 368/492/368
f 356/480/356 368/492/368 357/481/357
f 371/495/371 360/484/360 362/486/362
f 372/496/372 373/497/373 374/498/374
f 374/498/374 375/499/375 351/475/351
f 372/496/372 376/500/376 373/497/373
f 366/490/366 356/480/356 358/482/358
f 375/499/375 363/487/363 351/475/351
f 358/482/358 355/479/355 353/477/353
f 371/495/371 362/486/362 363/487/363
f 377/501/377 378/502/378 370/494/370
f 363/487/363 375/499/375 379/503/379
f 367/491/367 361/485/361 357/481/357
f 373/497/373 376/500/376 380/504/380
f 351/475/351 372/496/372 374/498/374
f 347/471/347 372/496/372 351/475/351
f 361/485/361 365/489/365 353/477/353
f 381/505/381 367/491/367 369/493/369
f 377/501/377 370/494/370 210/506/210
f 371/495/371 363/487/363 379/503/379
f 352/476/352 354/478/354 348/472/348
f 355/479/355 357/481/357 361/485/361
f 370/494/370 207/507/207 210/506/210
f 369/493/369 370/494/370 378/502/378
f 381/505/381 364/488/364 367/491/367
f 357/481/357 369/493/369 367/491/367
f 382/508/382 383/509/383 384/510/384
f 147/511/147 146/512/146 385/513/385
f 386/514/386 383/509/383 382/508/382
f 384/510/384 383/509/383 157/515/157
f 387/516/387 141/517/141 388/518/388
f 389/519/389 390/520/390 391/521/391
f 392/522/392 385/513/385 393/523/393
f 391/521/391 390/520/390 394/524/394
f 228/525/228 395/526/395 393/523/393
f 385/513/385 146/512/146 393/523/393
f 389/519/389 396/527/396 397/528/397
f 397/528/397 398/529/398 390/520/390
f 229/530/229 382/508/382 399/531/399
f 388/518/388 141/517/141 400/532/400
f 388/518/388 400/532/400 392/522/392
f 220/533/220 401/534/401 398/529/398
f 386/514/386 382/508/382 397/528/397
f 398/529/398 401/534/401 394/524/394
f 155/535/155 141/517/141 387/516/387
f 157/515/157 383/509/383 386/514/386
f 402/536/402 403/537/403 404/538/404
f 400/532/400 141/517/141 147/539/147
f 220/533/220 398/529/398 215/540/215
f 395/526/395 228/525/228 219/541/219
f 403/537/403 402/536/402 405/542/405
f 147/539/147 406/543/406 400/532/400
f 397/528/397 407/544/407 398/529/398
f 407/544/407 229/530/229 215/540/215
f 408/545/408 409/546/409 402/536/402
f 407/544/407 397/528/397 382/508/382
f 393/523/393 388/518/388 392/522/392
f 403/537/403 410/547/410 404/538/404
f 393/523/393 395/526/395 388/518/388
f 219/541/219 229/530/229 399/531/399
f 150/548/150 393/523/393 146/512/146
f 401/534/401 411/549/411 394/524/394
f 387/516/387 388/518/388 384/510/384
f 412/550/412 410/547/410 403/537/403
f 413/551/413 406/543/406 385/552/385
f 403/537/403 405/542/405 412/550/412
f 394/524/394 411/549/411 410/547/410
f 412/550/412 414/553/414 415/554/415
f 155/535/155 387/516/387 156/555/156
f 384/510/384 399/531/399 382/508/382
f 394/524/394 390/520/390 398/529/398
f 406/543/406 147/539/147 385/552/385
f 414/553/414 416/556/416 415/554/415
f 415/554/415 410/547/410 412/550/412
f 384/510/384 156/555/156 387/516/387
f 157/515/157 156/555/156 384/510/384
f 220/533/220 222/557/222 401/534/401
f 391/521/391 415/554/415 416/556/416
f 412/550/412 405/542/405 414/553/414
f 399/531/399 384/510/384 219/541/219
f 415/554/415 391/521/391 394/524/394
f 394/524/394 410/547/410 415/554/415
f 398/529/398 407/544/407 215/540/215
f 407/544/407 382/508/382 229/530/229
f 233/558/233 228/525/228 150/548/150
f 402/536/402 404/538/404 408/545/408
f 386/514/386 397/528/397 396/527/396
f 150/548/150 228/525/228 393/523/393
f 388/518/388 395/526/395 384/510/384
f 395/526/395 219/541/219 384/510/384
f 397/528/397 390/520/390 389/519/389
f 110/559/110 112/560/112 417/561/417
f 418/562/418 419/563/419 420/564/420
f 421/565/421 214/566/214 422/567/422
f 423/568/423 102/569/102 424/570/424
f 425/571/425 326/572/326 424/570/424
f 426/573/426 427/574/427 418/562/418
f 417/561/417 113/575/113 110/559/110
f 113/575/113 417/561/417 419/563/419
f 428/576/428 371/577/371 379/578/379
f 429/579/429 430/580/430 431/581/431
f 432/582/432 430/580/430 429/579/429
f 433/583/433 423/568/423 321/584/321
f 423/568/423 320/585/320 321/584/321
f 431/581/431 433/583/433 429/579/429
f 434/586/434 419/563/419 417/561/417
f 435/587/435 118/588/118 427/574/427
f 436/589/436 431/581/431 430/580/430
f 437/590/437 421/565/421 422/567/422
f 438/591/438 428/576/428 439/592/439
f 417/561/417 440/593/440 434/586/434
f 430/580/430 438/591/438 439/592/439
f 420/564/420 419/563/419 441/594/441
f 424/570/424 440/593/440 425/571/425
f 442/595/442 422/567/422 35/596/35
f 436/589/436 423/568/423 433/583/433
f 443/597/443 360/598/360 438/591/438
f 268/599/268 444/600/444 101/601/101
f 445/602/445 434/586/434 424/570/424
f 425/571/425 440/593/440 112/560/112
f 446/603/446 434/586/434 447/604/447
f 443/597/443 438/591/438 430/580/430
f 442/595/442 35/596/35 102/569/102
f 448/605/448 120/606/120 435/587/435
f 434/586/434 445/602/445 447/604/447
f 113/575/113 419/563/419 427/574/427
f 427/574/427 448/605/448 435/587/435
f 437/590/437 422/567/422 442/595/442
f 449/607/449 447/604/447 450/608/450
f 427/574/427 118/588/118 113/575/113
f 440/593/440 417/561/417 112/560/112
f 259/609/259 120/606/120 448/605/448
f 446/603/446 447/604/447 449/607/449
f 435/587/435 120/606/120 118/588/118
f 424/570/424 320/585/320 423/568/423
f 434/586/434 440/593/440 424/570/424
f 445/602/445 424/570/424 102/569/102
f 436/589/436 437/590/437 442/595/442
f 427/574/427 419/563/419 418/562/418
f 445/602/445 102/569/102 444/600/444
f 447/604/447 445/602/445 444/600/444
f 444/600/444 268/599/268 451/610/451
f 444/600/444 450/608/450 447/604/447
f 428/576/428 438/591/438 371/577/371
f 451/610/451 450/608/450 444/600/444
f 102/569/102 423/568/423 436/589/436
f 214/566/214 35/596/35 422/567/422
f 438/591/438 360/598/360 371/577/371
f 424/570/424 326/572/326 320/585/320
f 452/611/452 437/590/437 453/612/453
f 452/611/452 453/612/453 454/613/454
f 437/590/437 452/611/452 421/565/421
f 444/600/444 102/569/102 101/601/101
f 446/603/446 419/563/419 434/586/434
f 449/607/449 419/563/419 446/603/446
f 419/563/419 449/607/449 441/594/441
f 427/574/427 426/573/426 448/605/448
f 437/590/437 436/589/436 453/612/453
f 453/612/453 436/589/436 430/580/430
f 439/592/439 453/612/453 430/580/430
f 443/597/443 430/580/430 432/582/432
f 436/589/436 433/583/433 431/581/431
f 442/595/442 102/569/102 436/589/436
f 454/613/454 453/612/453 439/592/439
f 455/614/455 150/615/150 332/616/332
f 456/617/456 457/618/457 458/619/458
f 457/618/457 459/620/459 460/621/460
f 331/622/331 461/623/461 455/614/455
f 332/616/332 331/622/331 455/614/455
f 455/614/455 233/624/233 150/615/150
f 461/623/461 462/625/462 455/614/455
f 455/614/455 230/626/230 233/624/233
f 463/627/463 464/628/464 465/629/465
f 463/627/463 466/630/466 464/628/464
f 463/627/463 465/629/465 467/631/467
f 154/632/154 342/633/342 152/634/152
f 468/635/468 342/633/342 154/632/154
f 469/636/469 456/617/456 470/637/470
f 471/638/471 342/633/342 468/635/468
f 472/639/472 230/626/230 455/614/455
f 343/640/343 342/633/342 471/638/471
f 473/641/473 169/642/169 471/638/471
f 165/643/165 343/640/343 169/642/169
f 169/642/169 343/640/343 471/638/471
f 474/644/474 475/645/475 476/646/476
f 474/644/474 477/647/477 460/621/460
f 473/641/473 471/638/471 468/635/468
f 169/642/169 473/641/473 345/648/345
f 465/629/465 478/649/478 467/631/467
f 413/650/413 472/639/472 455/614/455
f 479/651/479 466/630/466 463/627/463
f 468/635/468 154/632/154 478/649/478
f 479/651/479 463/627/463 467/631/467
f 459/620/459 474/644/474 460/621/460
f 466/630/466 480/652/480 481/653/481
f 472/639/472 231/654/231 230/626/230
f 482/655/482 475/645/475 480/652/480
f 467/631/467 483/656/483 479/651/479
f 479/651/479 483/656/483 482/655/482
f 406/657/406 413/650/413 455/614/455
f 482/655/482 484/658/484 475/645/475
f 483/656/483 467/631/467 154/632/154
f 485/659/485 474/644/474 459/620/459
f 485/659/485 480/652/480 474/644/474
f 470/637/470 456/617/456 461/623/461
f 480/652/480 485/659/485 481/653/481
f 457/618/457 460/621/460 458/619/458
f 475/645/475 484/658/484 476/646/476
f 474/644/474 476/646/476 486/660/486
f 484/658/484 482/655/482 483/656/483
f 154/632/154 467/631/467 478/649/478
f 474/644/474 480/652/480 475/645/475
f 480/652/480 466/630/466 482/655/482
f 464/628/464 481/653/481 465/629/465
f 478/649/478 487/661/487 488/662/488
f 464/628/464 466/630/466 481/653/481
f 485/659/485 459/620/459 457/618/457
f 470/637/470 335/663/335 346/664/346
f 482/655/482 466/630/466 479/651/479
f 487/661/487 457/618/457 469/636/469
f 487/661/487 481/653/481 457/618/457
f 457/618/457 456/617/456 469/636/469
f 489/665/489 456/617/456 458/619/458
f 489/665/489 458/619/458 490/666/490
f 491/667/491 456/617/456 489/665/489
f 461/623/461 456/617/456 491/667/491
f 481/653/481 485/659/485 457/618/457
f 474/644/474 486/660/486 477/647/477
f 490/666/490 491/667/491 489/665/489
f 490/666/490 462/625/462 491/667/491
f 462/625/462 461/623/461 491/667/491
f 465/629/465 481/653/481 487/661/487
f 469/636/469 346/664/346 487/661/487
f 465/629/465 487/661/487 478/649/478
f 492/668/492 406/657/406 455/614/455
f 346/664/346 469/636/469 470/637/470
f 487/661/487 346/664/346 488/662/488
f 335/663/335 470/637/470 461/623/461
f 473/641/473 488/662/488 346/664/346
f 473/641/473 346/664/346 345/648/345
f 488/662/488 468/635/468 478/649/478
f 455/614/455 462/625/462 492/668/492
f 335/663/335 461/623/461 331/622/331
f 488/662/488 473/641/473 468/635/468
f 493/669/493 494/670/494 495/671/495
f 496/672/496 497/673/497 495/671/495
f 498/674/498 494/670/494 493/669/493
f 499/675/499 494/670/494 500/676/500
f 501/677/501 502/678/502 503/679/503
f 502/678/502 504/680/504 503/679/503
f 500/676/500 503/679/503 499/675/499
f 504/680/504 499/675/499 503/679/503
f 505/681/505 493/669/493 495/671/495
f 506/682/506 49/683/49 51/684/51
f 507/685/507 497/673/497 81/686/81
f 508/687/508 509/688/509 510/689/510
f 511/690/511 507/685/507 512/691/512
f 505/681/505 495/671/495 497/673/497
f 513/692/513 514/693/514 515/694/515
f 515/694/515 516/695/516 513/692/513
f 513/692/513 516/695/516 517/696/517
f 518/697/518 519/698/519 496/672/496
f 513/692/513 517/696/517 518/697/518
f 518/697/518 496/672/496 495/671/495
f 520/699/520 521/700/521 522/701/522
f 520/699/520 499/675/499 504/680/504
f 523/702/523 516/695/516 515/694/515
f 522/701/522 494/670/494 499/675/499
f 522/701/522 499/675/499 520/699/520
f 514/693/514 494/670/494 522/701/522
f 524/703/524 525/704/525 526/705/526
f 527/706/527 506/682/506 517/696/517
f 528/707/528 507/685/507 511/690/511
f 514/693/514 522/701/522 515/694/515
f 517/696/517 516/695/516 527/706/527
f 495/671/495 514/693/514 518/697/518
f 529/708/529 530/709/530 531/710/531
f 532/711/532 533/712/533 510/689/510
f 521/700/521 515/694/515 522/701/522
f 527/706/527 516/695/516 534/713/534
f 518/697/518 514/693/514 513/692/513
f 523/702/523 521/700/521 535/714/535
f 523/702/523 515/694/515 521/700/521
f 494/670/494 514/693/514 495/671/495
f 520/699/520 535/714/535 521/700/521
f 516/695/516 523/702/523 534/713/534
f 525/704/525 510/689/510 526/705/526
f 512/691/512 536/715/536 511/690/511
f 493/669/493 529/708/529 498/674/498
f 536/715/536 528/707/528 511/690/511
f 507/685/507 528/707/528 505/681/505
f 503/679/503 500/676/500 529/708/529
f 505/681/505 530/709/530 493/669/493
f 525/704/525 537/716/537 510/689/510
f 500/676/500 494/670/494 498/674/498
f 517/696/517 506/682/506 519/698/519
f 84/717/84 496/672/496 519/698/519
f 518/697/518 517/696/517 519/698/519
f 538/718/538 528/707/528 536/715/536
f 506/682/506 51/684/51 519/698/519
f 528/707/528 539/719/539 505/681/505
f 84/717/84 79/720/79 496/672/496
f 500/676/500 498/674/498 529/708/529
f 51/684/51 84/717/84 519/698/519
f 529/708/529 493/669/493 530/709/530
f 539/719/539 530/709/530 505/681/505
f 539/719/539 528/707/528 538/718/538
f 538/718/538 540/721/540 541/722/541
f 529/708/529 501/677/501 503/679/503
f 510/689/510 533/712/533 526/705/526
f 538/718/538 508/687/508 539/719/539
f 509/688/509 538/718/538 532/711/532
f 532/711/532 538/718/538 541/722/541
f 507/685/507 505/681/505 497/673/497
f 539/719/539 508/687/508 531/710/531
f 539/719/539 531/710/531 530/709/530
f 501/677/501 529/708/529 531/710/531
f 537/716/537 508/687/508 510/689/510
f 508/687/508 538/718/538 509/688/509
f 542/723/542 512/691/512 507/685/507
f 81/686/81 542/723/542 507/685/507
f 496/672/496 79/720/79 81/686/81
f 497/673/497 496/672/496 81/686/81
f 509/688/509 532/711/532 510/689/510
f 538/718/538 536/715/536 540/721/540
f 541/722/541 533/712/533 532/711/532
f 543/724/543 544/725/544 545/726/545
f 546/727/546 246/728/246 245/729/245
f 547/730/547 548/731/548 549/732/549
f 545/726/545 544/725/544 550/733/550
f 551/734/551 552/735/552 553/736/553
f 553/736/553 554/737/554 551/734/551
f 259/738/259 555/739/555 242/740/242
f 271/741/271 287/742/287 556/743/556
f 548/731/548 554/737/554 553/736/553
f 549/732/549 557/744/557 558/745/558
f 559/746/559 560/747/560 557/744/557
f 556/743/556 561/748/561 271/741/271
f 562/749/562 524/750/524 563/751/563
f 287/742/287 283/752/283 564/753/564
f 560/747/560 558/745/558 557/744/557
f 555/739/555 565/754/565 566/755/566
f 558/745/558 258/756/258 549/732/549
f 258/756/258 558/745/558 256/757/256
f 545/726/545 547/730/547 546/727/546
f 567/758/567 543/724/543 545/726/545
f 549/732/549 258/756/258 568/759/568
f 564/753/564 260/760/260 558/745/558
f 549/732/549 252/761/252 546/727/546
f 569/762/569 266/763/266 570/764/570
f 287/742/287 564/753/564 556/743/556
f 561/748/561 571/765/571 570/764/570
f 572/766/572 567/758/567 242/740/242
f 546/727/546 547/730/547 549/732/549
f 258/756/258 252/761/252 568/759/568
f 549/732/549 568/759/568 252/761/252
f 256/757/256 558/745/558 260/760/260
f 252/761/252 246/728/246 546/727/546
f 561/748/561 266/763/266 271/741/271
f 565/754/565 562/749/562 573/767/573
f 572/766/572 543/724/543 567/758/567
f 574/768/574 559/746/559 553/736/553
f 562/749/562 565/754/565 555/739/555
f 564/753/564 571/765/571 556/743/556
f 571/765/571 574/768/574 570/764/570
f 572/766/572 242/740/242 555/739/555
f 570/764/570 266/763/266 561/748/561
f 575/769/575 576/770/576 577/771/577
f 578/772/578 569/762/569 570/764/570
f 579/773/579 552/735/552 580/774/580
f 578/772/578 570/764/570 574/768/574
f 578/772/578 574/768/574 579/773/579
f 553/736/553 579/773/579 574/768/574
f 571/765/571 561/748/561 556/743/556
f 575/769/575 581/775/581 576/770/576
f 572/766/572 555/739/555 577/771/577
f 559/746/559 557/744/557 548/731/548
f 576/770/576 572/766/572 577/771/577
f 582/776/582 583/777/583 550/733/550
f 560/747/560 564/753/564 558/745/558
f 544/725/544 543/724/543 581/775/581
f 547/730/547 545/726/545 550/733/550
f 580/774/580 578/772/578 579/773/579
f 580/774/580 552/735/552 583/777/583
f 584/778/584 555/739/555 566/755/566
f 560/747/560 559/746/559 574/768/574
f 255/779/255 242/740/242 567/758/567
f 563/751/563 573/767/573 562/749/562
f 575/769/575 577/771/577 584/778/584
f 565/754/565 573/767/573 566/755/566
f 553/736/553 552/735/552 579/773/579
f 544/725/544 581/775/581 582/776/582
f 582/776/582 550/733/550 544/725/544
f 567/758/567 546/727/546 245/729/245
f 571/765/571 560/747/560 574/768/574
f 564/753/564 283/752/283 260/760/260
f 584/778/584 577/771/577 555/739/555
f 550/733/550 583/777/583 551/734/551
f 547/730/547 550/733/550 554/737/554
f 553/736/553 559/746/559 548/731/548
f 581/775/581 543/724/543 576/770/576
f 557/744/557 549/732/549 548/731/548
f 543/724/543 572/766/572 576/770/576
f 551/734/551 583/777/583 552/735/552
f 560/747/560 571/765/571 564/753/564
f 551/734/551 554/737/554 550/733/550
f 255/779/255 567/758/567 245/729/245
f 554/737/554 548/731/548 547/730/547
f 546/727/546 567/758/567 545/726/545
f 253/780/253 585/781/585 586/782/586
f 254/783/254 257/784/257 585/781/585
f 585/781/585 253/780/253 254/783/254
f 586/782/586 587/785/587 253/780/253
f 586/782/586 588/786/588 587/785/587
f 240/787/240 587/785/587 59/788/59
f 251/789/251 253/780/253 587/785/587
f 66/790/66 589/791/589 159/792/159
f 590/793/590 591/794/591 592/795/592
f 591/794/591 173/796/173 172/797/172
f 175/798/175 593/799/593 176/800/176
f 173/796/173 593/799/593 175/798/175
f 172/797/172 594/801/594 591/794/591
f 591/794/591 593/799/593 173/796/173
f 592/795/592 591/794/591 594/801/594
f 591/794/591 590/793/590 593/799/593
f 593/799/593 590/793/590 595/802/595
f 595/802/595 176/800/176 593/799/593
f 119/803/119 59/788/59 64/804/64
f 172/797/172 159/792/159 596/805/596
f 3/806/3 597/807/597 58/808/58
f 598/809/598 599/810/599 597/807/597
f 600/811/600 601/812/601 597/807/597
f 589/791/589 66/790/66 60/813/60
f 602/814/602 603/815/603 604/816/604
f 60/813/60 59/788/59 589/791/589
f 605/817/605 284/818/284 285/819/285
f 290/820/290 56/821/56 58/808/58
f 284/818/284 605/817/605 606/822/606
f 260/823/260 284/818/284 257/784/257
f 607/824/607 606/822/606 605/817/605
f 602/814/602 607/824/607 603/815/603
f 257/784/257 284/818/284 606/822/606
f 600/811/600 607/824/607 605/817/605
f 600/811/600 608/825/608 607/824/607
f 257/784/257 607/824/607 585/781/585
f 604/816/604 603/815/603 607/824/607
f 609/826/609 604/816/604 608/825/608
f 610/827/610 604/816/604 609/826/609
f 585/781/585 607/824/607 602/814/602
f 609/826/609 611/828/611 610/827/610
f 585/781/585 602/814/602 610/827/610
f 612/829/612 609/826/609 608/825/608
f 610/827/610 586/782/586 585/781/585
f 613/830/613 612/829/612 599/810/599
f 91/831/91 93/832/93 327/833/327
f 285/819/285 600/811/600 605/817/605
f 612/829/612 613/830/613 609/826/609
f 599/810/599 590/793/590 592/795/592
f 257/784/257 606/822/606 607/824/607
f 594/801/594 611/828/611 613/830/613
f 614/834/614 590/793/590 598/809/598
f 612/829/612 608/825/608 599/810/599
f 602/814/602 604/816/604 610/827/610
f 600/811/600 597/807/597 608/825/608
f 586/782/586 610/827/610 611/828/611
f 608/825/608 604/816/604 607/824/607
f 613/830/613 599/810/599 592/795/592
f 586/782/586 611/828/611 594/801/594
f 613/830/613 592/795/592 594/801/594
f 611/828/611 609/826/609 613/830/613
f 597/807/597 601/812/601 58/808/58
f 290/820/290 600/811/600 285/819/285
f 601/812/601 290/820/290 58/808/58
f 615/835/615 59/788/59 587/785/587
f 589/791/589 596/805/596 159/792/159
f 251/789/251 587/785/587 240/787/240
f 595/802/595 590/793/590 614/834/614
f 615/835/615 589/791/589 59/788/59
f 290/820/290 601/812/601 600/811/600
f 599/810/599 598/809/598 590/793/590
f 3/806/3 91/831/91 597/807/597
f 615/835/615 596/805/596 589/791/589
f 594/801/594 172/797/172 596/805/596
f 588/786/588 594/801/594 615/835/615
f 615/835/615 594/801/594 596/805/596
f 588/786/588 615/835/615 587/785/587
f 327/833/327 614/834/614 91/831/91
f 240/787/240 59/788/59 119/803/119
f 176/800/176 614/834/614 327/833/327
f 597/807/597 599/810/599 608/825/608
f 586/782/586 594/801/594 588/786/588
f 598/809/598 91/831/91 614/834/614
f 91/831/91 598/809/598 597/807/597
f 595/802/595 614/834/614 176/800/176
f 199/836/199 616/837/616 617/838/617
f 616/837/616 618/839/618 617/838/617
f 619/840/619 620/841/620 621/842/621
f 622/843/622 623/844/623 624/845/624
f 625/846/625 626/847/626 627/848/627
f 209/849/209 628/850/628 208/851/208
f 536/852/536 629/853/629 540/854/540
f 512/855/512 630/856/630 536/852/536
f 631/857/631 632/858/632 633/859/633
f 623/844/623 622/843/622 634/860/634
f 635/861/635 540/854/540 629/853/629
f 630/856/630 629/853/629 536/852/536
f 636/862/636 637/863/637 634/860/634
f 623/844/623 634/860/634 638/864/638
f 639/865/639 626/847/626 640/866/640
f 626/847/626 639/865/639 627/848/627
f 640/866/640 626/847/626 629/853/629
f 641/867/641 85/868/85 621/842/621
f 80/869/80 637/863/637 636/862/636
f 621/842/621 620/841/620 637/863/637
f 80/869/80 642/870/642 542/871/542
f 634/860/634 622/843/622 636/862/636
f 80/869/80 641/867/641 621/842/621
f 85/868/85 641/867/641 80/869/80
f 637/863/637 620/841/620 643/872/643
f 621/842/621 637/863/637 80/869/80
f 134/873/134 133/874/133 619/840/619
f 644/875/644 645/876/645 633/859/633
f 623/844/623 638/864/638 624/845/624
f 646/877/646 643/872/643 647/878/647
f 644/875/644 643/872/643 646/877/646
f 640/866/640 629/853/629 648/879/648
f 649/880/649 650/881/650 616/837/616
f 649/880/649 647/878/647 620/841/620
f 651/882/651 645/876/645 646/877/646
f 652/883/652 646/877/646 647/878/647
f 616/837/616 650/881/650 618/839/618
f 653/884/653 647/878/647 649/880/649
f 646/877/646 652/883/652 651/882/651
f 646/877/646 645/876/645 644/875/644
f 654/885/654 652/883/652 647/878/647
f 653/884/653 654/885/654 647/878/647
f 655/886/655 656/887/656 657/888/657
f 655/886/655 653/884/653 616/837/616
f 647/878/647 643/872/643 620/841/620
f 652/883/652 654/885/654 651/882/651
f 654/885/654 658/889/658 651/882/651
f 618/839/618 650/881/650 620/841/620
f 653/884/653 655/886/655 654/885/654
f 650/881/650 649/880/649 620/841/620
f 655/886/655 658/889/658 654/885/654
f 628/850/628 655/886/655 616/837/616
f 657/888/657 658/889/658 655/886/655
f 616/837/616 653/884/653 649/880/649
f 656/887/656 655/886/655 628/850/628
f 644/875/644 634/860/634 643/872/643
f 639/865/639 632/858/632 627/848/627
f 637/863/637 643/872/643 634/860/634
f 206/890/206 205/891/205 659/892/659
f 636/862/636 642/870/642 80/869/80
f 625/846/625 635/861/635 626/847/626
f 133/874/133 660/893/660 619/840/619
f 638/864/638 632/858/632 639/865/639
f 660/893/660 659/892/659 620/841/620
f 640/866/640 622/843/622 624/845/624
f 622/843/622 640/866/640 648/879/648
f 209/849/209 661/894/661 628/850/628
f 659/892/659 130/895/130 206/890/206
f 627/848/627 632/858/632 631/857/631
f 648/879/648 629/853/629 630/856/630
f 130/895/130 660/893/660 133/874/133
f 629/853/629 626/847/626 635/861/635
f 540/854/540 635/861/635 541/896/541
f 616/837/616 208/851/208 628/850/628
f 648/879/648 642/870/642 636/862/636
f 660/893/660 130/895/130 659/892/659
f 618/839/618 659/892/659 205/891/205
f 619/840/619 660/893/660 620/841/620
f 644/875/644 638/864/638 634/860/634
f 632/858/632 638/864/638 633/859/633
f 642/870/642 630/856/630 512/855/512
f 630/856/630 642/870/642 648/879/648
f 624/845/624 639/865/639 640/866/640
f 644/875/644 633/859/633 638/864/638
f 638/864/638 639/865/639 624/845/624
f 512/855/512 542/871/542 642/870/642
f 205/891/205 199/836/199 617/838/617
f 205/891/205 617/838/617 618/839/618
f 80/869/80 542/871/542 81/897/81
f 661/894/661 656/887/656 628/850/628
f 636/862/636 622/843/622 648/879/648
f 618/839/618 620/841/620 659/892/659
f 616/837/616 199/836/199 208/851/208
f 662/898/662 663/899/663 664/900/664
f 665/901/665 666/902/666 667/903/667
f 663/899/663 668/904/668 669/905/669
f 664/900/664 663/899/663 669/905/669
f 433/906/433 664/900/664 669/905/669
f 321/907/321 662/898/662 664/900/664
f 670/908/670 279/909/279 209/910/209
f 667/903/667 671/911/671 665/901/665
f 666/902/666 668/904/668 667/903/667
f 667/903/667 672/912/672 671/911/671
f 268/913/268 270/914/270 451/915/451
f 673/916/673 674/917/674 264/918/264
f 662/898/662 317/919/317 663/899/663
f 675/920/675 665/901/665 261/921/261
f 676/922/676 204/923/204 677/924/677
f 671/911/671 672/912/672 450/925/450
f 671/911/671 450/925/450 451/915/451
f 677/924/677 678/926/678 670/908/670
f 665/901/665 671/911/671 262/927/262
f 319/928/319 317/919/317 662/898/662
f 207/929/207 370/930/370 679/931/679
f 264/918/264 674/917/674 261/921/261
f 676/922/676 677/924/677 670/908/670
f 680/932/680 681/933/681 677/924/677
f 682/934/682 668/904/668 663/899/663
f 683/935/683 668/904/668 684/936/684
f 685/937/685 682/934/682 663/899/663
f 270/914/270 262/927/262 671/911/671
f 291/938/291 209/910/209 279/909/279
f 317/919/317 316/939/316 685/937/685
f 686/940/686 687/941/687 688/942/688
f 270/914/270 671/911/671 451/915/451
f 689/943/689 366/944/366 443/945/443
f 686/940/686 690/946/690 691/947/691
f 674/917/674 675/920/675 261/921/261
f 678/926/678 692/948/692 674/917/674
f 688/942/688 666/902/666 675/920/675
f 666/902/666 688/942/688 684/936/684
f 685/937/685 663/899/663 317/919/317
f 693/949/693 449/950/449 667/903/667
f 673/916/673 678/926/678 674/917/674
f 449/950/449 693/949/693 441/951/441
f 279/909/279 678/926/678 673/916/673
f 668/904/668 666/902/666 684/936/684
f 672/912/672 667/903/667 449/950/449
f 667/903/667 668/904/668 693/949/693
f 675/920/675 666/902/666 665/901/665
f 692/948/692 675/920/675 674/917/674
f 670/908/670 678/926/678 279/909/279
f 321/907/321 319/928/319 662/898/662
f 687/941/687 683/935/683 684/936/684
f 673/916/673 264/918/264 279/909/279
f 665/901/665 262/927/262 261/921/261
f 688/942/688 690/946/690 686/940/686
f 672/912/672 449/950/449 450/925/450
f 684/936/684 688/942/688 687/941/687
f 683/935/683 687/941/687 432/952/432
f 694/953/694 368/954/368 695/955/695
f 669/905/669 668/904/668 683/935/683
f 443/945/443 687/941/687 689/943/689
f 366/944/366 695/955/695 368/954/368
f 690/946/690 688/942/688 675/920/675
f 679/931/679 680/932/680 207/929/207
f 696/956/696 679/931/679 697/957/697
f 687/941/687 443/945/443 432/952/432
f 690/946/690 692/948/692 691/947/691
f 433/906/433 669/905/669 429/958/429
f 690/946/690 675/920/675 692/948/692
f 678/926/678 677/924/677 681/933/681
f 695/955/695 691/947/691 697/957/697
f 207/929/207 680/932/680 204/923/204
f 670/908/670 209/910/209 676/922/676
f 696/956/696 691/947/691 692/948/692
f 695/955/695 366/944/366 689/943/689
f 694/953/694 679/931/679 370/930/370
f 696/956/696 681/933/681 679/931/679
f 679/931/679 681/933/681 680/932/680
f 689/943/689 691/947/691 695/955/695
f 366/944/366 360/959/360 443/945/443
f 429/958/429 669/905/669 683/935/683
f 686/940/686 691/947/691 689/943/689
f 697/957/697 691/947/691 696/956/696
f 194/960/194 676/922/676 209/910/209
f 696/956/696 692/948/692 678/926/678
f 681/933/681 696/956/696 678/926/678
f 321/907/321 664/900/664 433/906/433
f 680/932/680 677/924/677 204/923/204
f 194/960/194 204/923/204 676/922/676
f 694/953/694 695/955/695 697/957/697
f 432/952/432 429/958/429 683/935/683
f 694/953/694 370/930/370 368/954/368
f 686/940/686 689/943/689 687/941/687
f 694/953/694 697/957/697 679/931/679
f 698/961/698 699/962/699 158/963/158
f 700/964/700 701/965/701 702/966/702
f 703/967/703 704/968/704 705/969/705
f 706/970/706 707/971/707 708/972/708
f 709/973/709 140/974/140 153/975/153
f 710/976/710 711/977/711 712/978/712
f 703/967/703 705/969/705 713/979/713
f 386/980/386 714/981/714 157/982/157
f 715/983/715 716/984/716 717/985/717
f 705/969/705 704/968/704 718/986/718
f 386/980/386 719/987/719 720/988/720
f 158/963/158 157/982/157 714/981/714
f 711/977/711 721/989/721 707/971/707
f 719/987/719 713/979/713 720/988/720
f 714/981/714 698/961/698 158/963/158
f 722/990/722 713/979/713 719/987/719
f 723/991/723 724/992/724 725/993/725
f 720/988/720 713/979/713 705/969/705
f 720/988/720 705/969/705 718/986/718
f 726/994/726 714/981/714 704/968/704
f 722/990/722 700/964/700 713/979/713
f 723/991/723 717/985/717 724/992/724
f 713/979/713 702/966/702 703/967/703
f 727/995/727 728/996/728 729/997/729
f 730/998/730 731/999/731 732/1000/732
f 698/961/698 726/994/726 733/1001/733
f 701/965/701 700/964/700 734/1002/734
f 726/994/726 698/961/698 714/981/714
f 702/966/702 706/970/706 703/967/703
f 698/961/698 733/1001/733 735/1003/735
f 721/989/721 711/977/711 727/995/727
f 707/971/707 736/1004/736 737/1005/737
f 712/978/712 706/970/706 702/966/702
f 730/998/730 732/1000/732 738/1006/738
f 735/1003/735 739/1007/739 698/961/698
f 708/972/708 735/1003/735 706/970/706
f 739/1007/739 735/1003/735 708/972/708
f 716/984/716 715/983/715 727/995/727
f 711/977/711 710/976/710 728/996/728
f 725/993/725 740/1008/740 732/1000/732
f 708/972/708 737/1005/737 732/1000/732
f 736/1004/736 725/993/725 737/1005/737
f 725/993/725 741/1009/741 740/1008/740
f 742/1010/742 731/999/731 730/998/730
f 153/975/153 149/1011/149 709/973/709
f 743/1012/743 742/1010/742 730/998/730
f 744/1013/744 140/974/140 745/1014/745
f 736/1004/736 707/971/707 725/993/725
f 716/984/716 727/995/727 729/997/729
f 741/1009/741 725/993/725 724/992/724
f 738/1006/738 743/1012/743 730/998/730
f 709/973/709 742/1010/742 743/1012/743
f 745/1014/745 746/1015/746 744/1013/744
f 747/1016/747 740/1008/740 741/1009/741
f 717/985/717 748/1017/748 724/992/724
f 739/1007/739 731/999/731 699/962/699
f 747/1016/747 741/1009/741 749/1018/749
f 721/989/721 725/993/725 707/971/707
f 699/962/699 731/999/731 742/1010/742
f 142/1019/142 158/963/158 699/962/699
f 741/1009/741 724/992/724 750/1020/750
f 725/993/725 732/1000/732 737/1005/737
f 745/1014/745 140/974/140 709/973/709
f 751/1021/751 743/1012/743 738/1006/738
f 737/1005/737 708/972/708 707/971/707
f 745/1014/745 709/973/709 743/1012/743
f 142/1019/142 699/962/699 742/1010/742
f 149/1011/149 142/1019/142 742/1010/742
f 746/1015/746 749/1018/749 750/1020/750
f 709/973/709 149/1011/149 742/1010/742
f 740/1008/740 747/1016/747 738/1006/738
f 749/1018/749 751/1021/751 747/1016/747
f 738/1006/738 747/1016/747 751/1021/751
f 712/978/712 707/971/707 706/970/706
f 750/1020/750 748/1017/748 746/1015/746
f 749/1018/749 741/1009/741 750/1020/750
f 751/1021/751 745/1014/745 743/1012/743
f 745/1014/745 751/1021/751 746/1015/746
f 722/990/722 719/987/719 752/1022/752
f 707/971/707 712/978/712 711/977/711
f 739/1007/739 708/972/708 732/1000/732
f 710/976/710 712/978/712 701/965/701
f 703/967/703 733/1001/733 704/968/704
f 391/1023/391 753/1024/753 389/1025/389
f 752/1022/752 396/1026/396 753/1024/753
f 396/1026/396 389/1025/389 753/1024/753
f 750/1020/750 724/992/724 748/1017/748
f 702/966/702 713/979/713 700/964/700
f 386/980/386 718/986/718 714/981/714
f 727/995/727 715/983/715 721/989/721
f 731/999/731 739/1007/739 732/1000/732
f 698/961/698 739/1007/739 699/962/699
f 734/1002/734 700/964/700 722/990/722
f 386/980/386 720/988/720 718/986/718
f 733/1001/733 726/994/726 704/968/704
f 751/1021/751 749/1018/749 746/1015/746
f 706/970/706 733/1001/733 703/967/703
f 711/977/711 728/996/728 727/995/727
f 712/978/712 702/966/702 701/965/701
f 752/1022/752 719/987/719 396/1026/396
f 721/989/721 715/983/715 725/993/725
f 714/981/714 718/986/718 704/968/704
f 723/991/723 715/983/715 717/985/717
f 733/1001/733 706/970/706 735/1003/735
f 738/1006/738 732/1000/732 740/1008/740
f 386/980/386 396/1026/396 719/987/719
f 715/983/715 723/991/723 725/993/725
f 754/1027/754 45/1028/45 755/1029/755
f 756/1030/756 757/1031/757 758/1032/758
f 759/1033/759 760/1034/760 757/1031/757
f 758/1032/758 761/1035/761 762/1036/762
f 717/1037/717 756/1030/756 748/1038/748
f 763/1039/763 764/1040/764 765/1041/765
f 766/1042/766 758/1032/758 762/1036/762
f 767/1043/767 27/1044/27 16/1045/16
f 16/1045/16 768/1046/768 769/1047/769
f 770/1048/770 138/1049/138 771/1050/771
f 772/1051/772 758/1032/758 757/1031/757
f 756/1030/756 755/1029/755 757/1031/757
f 138/1049/138 770/1048/770 773/1052/773
f 774/1053/774 773/1052/773 761/1035/761
f 774/1053/774 761/1035/761 772/1051/772
f 755/1029/755 767/1043/767 769/1047/769
f 756/1030/756 775/1054/775 748/1038/748
f 765/1041/765 768/1046/768 776/1055/776
f 755/1029/755 717/1037/717 754/1027/754
f 777/1056/777 765/1041/765 764/1040/764
f 774/1053/774 778/1057/778 773/1052/773
f 778/1057/778 154/1058/154 138/1049/138
f 757/1031/757 760/1034/760 772/1051/772
f 774/1053/774 772/1051/772 779/1059/779
f 760/1034/760 779/1059/779 772/1051/772
f 27/1044/27 767/1043/767 45/1028/45
f 755/1029/755 769/1047/769 759/1033/759
f 776/1055/776 768/1046/768 16/1045/16
f 717/1037/717 755/1029/755 756/1030/756
f 754/1027/754 729/1060/729 45/1028/45
f 780/1061/780 768/1046/768 765/1041/765
f 752/1062/752 781/1063/781 782/1064/782
f 783/1065/783 762/1036/762 770/1048/770
f 776/1055/776 16/1045/16 18/1066/18
f 753/1067/753 781/1063/781 752/1062/752
f 784/1068/784 780/1061/780 785/1069/785
f 786/1070/786 781/1063/781 753/1067/753
f 484/1071/484 483/1072/483 787/1073/787
f 788/1074/788 789/1075/789 790/1076/790
f 791/1077/791 782/1064/782 781/1063/781
f 792/1078/792 789/1075/789 791/1077/791
f 793/1079/793 787/1073/787 794/1080/794
f 795/1081/795 782/1064/782 791/1077/791
f 796/1082/796 795/1081/795 788/1074/788
f 797/1083/797 796/1082/796 798/1084/798
f 795/1081/795 734/1085/734 782/1064/782
f 795/1081/795 799/1086/799 734/1085/734
f 789/1075/789 788/1074/788 791/1077/791
f 781/1063/781 786/1070/786 792/1078/792
f 792/1078/792 800/1087/800 789/1075/789
f 801/1088/801 779/1059/779 759/1033/759
f 791/1077/791 781/1063/781 792/1078/792
f 710/1089/710 701/1090/701 799/1086/799
f 802/1091/802 790/1076/790 789/1075/789
f 794/1080/794 787/1073/787 774/1053/774
f 802/1091/802 789/1075/789 800/1087/800
f 795/1081/795 796/1082/796 799/1086/799
f 799/1086/799 701/1090/701 734/1085/734
f 790/1076/790 796/1082/796 788/1074/788
f 790/1076/790 798/1084/798 796/1082/796
f 802/1091/802 803/1092/803 790/1076/790
f 783/1065/783 804/1093/804 744/1094/744
f 761/1035/761 758/1032/758 772/1051/772
f 793/1079/793 785/1069/785 484/1071/484
f 771/1050/771 138/1049/138 137/1095/137
f 37/1096/37 45/1028/45 805/1097/805
f 785/1069/785 777/1056/777 476/1098/476
f 794/1080/794 784/1068/784 793/1079/793
f 801/1088/801 794/1080/794 779/1059/779
f 793/1079/793 784/1068/784 785/1069/785
f 746/1099/746 766/1042/766 783/1065/783
f 746/1099/746 783/1065/783 744/1094/744
f 770/1048/770 771/1050/771 804/1093/804
f 766/1042/766 748/1038/748 775/1054/775
f 137/1095/137 804/1093/804 771/1050/771
f 748/1038/748 766/1042/766 746/1099/746
f 17/1100/17 16/1045/16 27/1044/27
f 45/1028/45 767/1043/767 755/1029/755
f 728/1101/728 45/1028/45 729/1060/729
f 774/1053/774 787/1073/787 778/1057/778
f 779/1059/779 794/1080/794 774/1053/774
f 760/1034/760 759/1033/759 779/1059/779
f 804/1093/804 140/1102/140 744/1094/744
f 769/1047/769 768/1046/768 780/1061/780
f 784/1068/784 801/1088/801 780/1061/780
f 773/1052/773 770/1048/770 762/1036/762
f 763/1039/763 765/1041/765 776/1055/776
f 785/1069/785 780/1061/780 777/1056/777
f 806/1103/806 477/1104/477 486/1105/486
f 138/1049/138 773/1052/773 778/1057/778
f 794/1080/794 801/1088/801 784/1068/784
f 762/1036/762 761/1035/761 773/1052/773
f 805/1097/805 45/1028/45 728/1101/728
f 483/1072/483 778/1057/778 787/1073/787
f 765/1041/765 777/1056/777 780/1061/780
f 798/1084/798 790/1076/790 803/1092/803
f 785/1069/785 476/1098/476 484/1071/484
f 483/1072/483 154/1058/154 778/1057/778
f 484/1071/484 787/1073/787 793/1079/793
f 18/1066/18 806/1103/806 763/1039/763
f 764/1040/764 476/1098/476 777/1056/777
f 764/1040/764 763/1039/763 486/1105/486
f 769/1047/769 801/1088/801 759/1033/759
f 806/1103/806 486/1105/486 763/1039/763
f 486/1105/486 476/1098/476 764/1040/764
f 769/1047/769 780/1061/780 801/1088/801
f 807/1106/807 805/1097/805 797/1083/797
f 137/1095/137 140/1102/140 804/1093/804
f 770/1048/770 804/1093/804 783/1065/783
f 805/1097/805 796/1082/796 797/1083/797
f 758/1032/758 766/1042/766 775/1054/775
f 783/1065/783 766/1042/766 762/1036/762
f 728/1101/728 796/1082/796 805/1097/805
f 756/1030/756 758/1032/758 775/1054/775
f 782/1064/782 734/1085/734 722/1107/722
f 776/1055/776 18/1066/18 763/1039/763
f 799/1086/799 796/1082/796 728/1101/728
f 799/1086/799 728/1101/728 710/1089/710
f 722/1107/722 752/1062/752 782/1064/782
f 788/1074/788 795/1081/795 791/1077/791
f 757/1031/757 755/1029/755 759/1033/759
f 767/1043/767 16/1045/16 769/1047/769
f 808/1108/808 809/1109/809 810/1110/810
f 416/1111/416 414/1112/414 811/1113/811
f 812/1114/812 811/1113/811 813/1115/813
f 812/1114/812 813/1115/813 814/1116/814
f 811/1113/811 812/1114/812 815/1117/815
f 816/1118/816 817/1119/817 818/1120/818
f 223/1121/223 815/1117/815 812/1114/812
f 819/1122/819 820/1123/820 821/1124/821
f 822/1125/822 823/1126/823 824/1127/824
f 821/1124/821 825/1128/825 819/1122/819
f 454/1129/454 439/1130/439 826/1131/826
f 827/1132/827 828/1133/828 380/1134/380
f 829/1135/829 830/1136/830 809/1109/809
f 831/1137/831 832/1138/832 833/1139/833
f 831/1137/831 821/1124/821 820/1123/820
f 834/1140/834 835/1141/835 814/1116/814
f 822/1125/822 825/1128/825 836/1142/836
f 373/1143/373 820/1123/820 819/1122/819
f 821/1124/821 837/1144/837 825/1128/825
f 439/1130/439 428/1145/428 838/1146/838
f 808/1108/808 810/1110/810 839/1147/839
f 840/1148/840 841/1149/841 838/1146/838
f 821/1124/821 831/1137/831 837/1144/837
f 374/1150/374 819/1122/819 842/1151/842
f 843/1152/843 844/1153/844 845/1154/845
f 817/1119/817 846/1155/846 843/1152/843
f 847/1156/847 835/1141/835 834/1140/834
f 848/1157/848 839/1147/839 810/1110/810
f 824/1127/824 849/1158/849 850/1159/850
f 851/1160/851 843/1152/843 845/1154/845
f 815/1117/815 852/1161/852 811/1113/811
f 454/1129/454 853/1162/853 452/1163/452
f 854/1164/854 847/1156/847 827/1132/827
f 852/1165/852 851/1160/851 855/1166/855
f 855/1166/855 416/1167/416 852/1165/852
f 212/1168/212 214/1169/214 853/1162/853
f 855/1166/855 851/1160/851 845/1154/845
f 852/1161/852 416/1111/416 811/1113/811
f 856/1170/856 843/1152/843 851/1160/851
f 852/1165/852 815/1171/815 851/1160/851
f 815/1171/815 856/1170/856 851/1160/851
f 849/1158/849 823/1126/823 857/1172/857
f 858/1173/858 859/1174/859 860/1175/860
f 841/1149/841 861/1176/861 826/1131/826
f 849/1158/849 862/1177/862 840/1148/840
f 838/1146/838 841/1149/841 826/1131/826
f 223/1121/223 863/1178/863 234/1179/234
f 833/1139/833 832/1138/832 828/1133/828
f 864/1180/864 837/1144/837 831/1137/831
f 865/1181/865 816/1118/816 858/1173/858
f 849/1158/849 840/1148/840 850/1159/850
f 850/1159/850 840/1148/840 379/1182/379
f 814/1116/814 866/1183/866 834/1140/834
f 813/1115/813 808/1108/808 839/1147/839
f 825/1128/825 822/1125/822 824/1127/824
f 810/1110/810 830/1136/830 859/1174/859
f 867/1184/867 848/1157/848 859/1174/859
f 835/1141/835 863/1178/863 223/1121/223
f 836/1142/836 837/1144/837 867/1184/867
f 861/1176/861 841/1149/841 856/1170/856
f 868/1185/868 847/1156/847 834/1140/834
f 824/1127/824 850/1159/850 842/1151/842
f 818/1120/818 817/1119/817 857/1172/857
f 847/1156/847 854/1164/854 869/1186/869
f 813/1115/813 839/1147/839 870/1187/870
f 823/1126/823 849/1158/849 824/1127/824
f 853/1162/853 421/1188/421 452/1163/452
f 863/1178/863 298/1189/298 325/1190/325
f 832/1138/832 380/1134/380 828/1133/828
f 862/1177/862 849/1158/849 857/1172/857
f 829/1135/829 809/1109/809 402/1191/402
f 848/1157/848 810/1110/810 859/1174/859
f 828/1133/828 827/1132/827 833/1139/833
f 839/1147/839 848/1157/848 870/1187/870
f 374/1150/374 842/1151/842 375/1192/375
f 862/1177/862 843/1152/843 856/1170/856
f 812/1114/812 835/1141/835 223/1121/223
f 830/1136/830 810/1110/810 809/1109/809
f 379/1182/379 375/1192/375 850/1159/850
f 853/1162/853 214/1169/214 421/1188/421
f 835/1141/835 869/1186/869 863/1178/863
f 856/1170/856 815/1171/815 861/1176/861
f 428/1145/428 379/1182/379 840/1148/840
f 813/1115/813 866/1183/866 814/1116/814
f 405/1193/405 402/1191/402 809/1109/809
f 861/1176/861 815/1171/815 223/1194/223
f 853/1162/853 861/1176/861 223/1194/223
f 857/1172/857 817/1119/817 862/1177/862
f 836/1142/836 858/1173/858 818/1120/818
f 868/1185/868 831/1137/831 833/1139/833
f 819/1122/819 374/1150/374 373/1143/373
f 869/1186/869 835/1141/835 847/1156/847
f 853/1162/853 826/1131/826 861/1176/861
f 863/1178/863 325/1190/325 234/1179/234
f 817/1119/817 843/1152/843 862/1177/862
f 823/1126/823 818/1120/818 857/1172/857
f 454/1129/454 826/1131/826 853/1162/853
f 838/1146/838 428/1145/428 840/1148/840
f 867/1184/867 837/1144/837 871/1195/871
f 837/1144/837 864/1180/864 871/1195/871
f 872/1196/872 846/1155/846 817/1119/817
f 834/1140/834 866/1183/866 864/1180/864
f 380/1134/380 832/1138/832 373/1143/373
f 816/1118/816 872/1196/872 817/1119/817
f 871/1195/871 870/1187/870 848/1157/848
f 834/1140/834 864/1180/864 868/1185/868
f 870/1187/870 866/1183/866 813/1115/813
f 832/1138/832 820/1123/820 373/1143/373
f 847/1156/847 868/1185/868 833/1139/833
f 823/1126/823 836/1142/836 818/1120/818
f 822/1125/822 836/1142/836 823/1126/823
f 837/1144/837 836/1142/836 825/1128/825
f 814/1116/814 835/1141/835 812/1114/812
f 829/1135/829 402/1191/402 409/1197/409
f 864/1180/864 866/1183/866 870/1187/870
f 825/1128/825 824/1127/824 842/1151/842
f 844/1153/844 846/1155/846 872/1196/872
f 816/1118/816 818/1120/818 858/1173/858
f 842/1151/842 819/1122/819 825/1128/825
f 808/1108/808 405/1193/405 809/1109/809
f 223/1194/223 212/1168/212 853/1162/853
f 856/1170/856 841/1149/841 862/1177/862
f 867/1184/867 858/1173/858 836/1142/836
f 831/1137/831 820/1123/820 832/1138/832
f 843/1152/843 846/1155/846 844/1153/844
f 867/1184/867 871/1195/871 848/1157/848
f 867/1184/867 859/1174/859 858/1173/858
f 850/1159/850 375/1192/375 842/1151/842
f 864/1180/864 870/1187/870 871/1195/871
f 868/1185/868 864/1180/864 831/1137/831
f 414/1112/414 808/1108/808 811/1113/811
f 841/1149/841 840/1148/840 862/1177/862
f 847/1156/847 833/1139/833 827/1132/827
f 865/1181/865 873/1198/873 816/1118/816
f 860/1175/860 874/1199/874 865/1181/865
f 860/1175/860 865/1181/865 858/1173/858
f 811/1113/811 808/1108/808 813/1115/813
f 439/1130/439 838/1146/838 826/1131/826
f 816/1118/816 873/1198/873 872/1196/872
f 865/1181/865 874/1199/874 873/1198/873
f 873/1198/873 874/1199/874 872/1196/872
f 405/1193/405 808/1108/808 414/1112/414
f 803/1200/803 802/1201/802 875/1202/875
f 876/1203/876 875/1202/875 802/1201/802
f 877/1204/877 878/1205/878 879/1206/879
f 880/1207/880 877/1204/877 879/1206/879
f 879/1206/879 878/1205/878 844/1208/844
f 874/1209/874 860/1210/860 881/1211/881
f 880/1207/880 882/1212/882 883/1213/883
f 803/1200/803 875/1202/875 884/1214/884
f 885/1215/885 886/1216/886 887/1217/887
f 888/1218/888 876/1203/876 802/1201/802
f 889/1219/889 792/1220/792 786/1221/786
f 880/1207/880 879/1206/879 881/1211/881
f 889/1219/889 786/1221/786 890/1222/890
f 877/1204/877 889/1219/889 878/1205/878
f 884/1214/884 798/1223/798 803/1200/803
f 890/1222/890 844/1208/844 878/1205/878
f 891/1224/891 892/1225/892 882/1212/882
f 844/1208/844 872/1226/872 879/1206/879
f 800/1227/800 889/1219/889 888/1218/888
f 800/1227/800 792/1220/792 889/1219/889
f 893/1228/893 885/1215/885 894/1229/894
f 895/1230/895 893/1228/893 896/1231/896
f 879/1206/879 874/1209/874 881/1211/881
f 897/1232/897 898/1233/898 899/1234/899
f 900/1235/900 901/1236/901 887/1217/887
f 883/1213/883 877/1204/877 880/1207/880
f 894/1229/894 885/1215/885 902/1237/902
f 887/1217/887 903/1238/903 904/1239/904
f 905/1240/905 906/1241/906 907/1242/907
f 903/1238/903 897/1232/897 899/1234/899
f 908/1243/908 909/1244/909 902/1237/902
f 904/1239/904 903/1238/903 899/1234/899
f 908/1243/908 910/1245/910 911/1246/911
f 912/1247/912 892/1225/892 908/1243/908
f 887/1217/887 901/1236/901 897/1232/897
f 889/1219/889 890/1222/890 878/1205/878
f 911/1246/911 910/1245/910 899/1234/899
f 797/1248/797 798/1223/798 884/1214/884
f 892/1225/892 912/1247/912 913/1249/913
f 802/1201/802 800/1227/800 888/1218/888
f 885/1215/885 887/1217/887 904/1239/904
f 872/1226/872 874/1209/874 879/1206/879
f 908/1243/908 911/1246/911 914/1250/914
f 897/1232/897 903/1238/903 887/1217/887
f 882/1212/882 880/1207/880 881/1211/881
f 908/1243/908 915/1251/915 912/1247/912
f 877/1204/877 883/1213/883 889/1219/889
f 888/1218/888 889/1219/889 883/1213/883
f 911/1246/911 899/1234/899 914/1250/914
f 902/1237/902 910/1245/910 908/1243/908
f 909/1244/909 894/1229/894 902/1237/902
f 894/1229/894 896/1231/896 893/1228/893
f 916/1252/916 855/1253/855 845/1254/845
f 845/1254/845 844/1208/844 916/1252/916
f 391/1255/391 855/1253/855 753/1256/753
f 876/1203/876 907/1242/907 875/1202/875
f 916/1252/916 844/1208/844 890/1222/890
f 905/1240/905 912/1247/912 915/1251/915
f 905/1240/905 907/1242/907 917/1257/917
f 898/1233/898 906/1241/906 899/1234/899
f 753/1256/753 890/1222/890 786/1221/786
f 908/1243/908 892/1225/892 909/1244/909
f 914/1250/914 905/1240/905 915/1251/915
f 916/1252/916 753/1256/753 855/1253/855
f 917/1257/917 912/1247/912 905/1240/905
f 855/1253/855 391/1255/391 416/1258/416
f 904/1239/904 902/1237/902 885/1215/885
f 890/1222/890 753/1256/753 916/1252/916
f 918/1259/918 876/1203/876 888/1218/888
f 913/1249/913 912/1247/912 917/1257/917
f 906/1241/906 905/1240/905 914/1250/914
f 913/1249/913 918/1259/918 883/1213/883
f 875/1202/875 919/1260/919 920/1261/920
f 918/1259/918 917/1257/917 876/1203/876
f 918/1259/918 888/1218/888 883/1213/883
f 882/1212/882 892/1225/892 913/1249/913
f 910/1245/910 902/1237/902 904/1239/904
f 907/1242/907 876/1203/876 917/1257/917
f 907/1242/907 919/1260/919 875/1202/875
f 910/1245/910 904/1239/904 899/1234/899
f 906/1241/906 919/1260/919 907/1242/907
f 920/1261/920 884/1214/884 875/1202/875
f 919/1260/919 906/1241/906 920/1261/920
f 914/1250/914 915/1251/915 908/1243/908
f 917/1257/917 918/1259/918 913/1249/913
f 913/1249/913 883/1213/883 882/1212/882
f 899/1234/899 906/1241/906 914/1250/914
f 921/1262/921 42/1263/42 41/1264/41
f 922/1265/922 882/1212/882 881/1211/881
f 891/1224/891 909/1244/909 892/1225/892
f 891/1224/891 882/1212/882 922/1265/922
f 909/1244/909 896/1231/896 894/1229/894
f 895/1230/895 923/1266/923 893/1228/893
f 893/1228/893 924/1267/924 885/1215/885
f 900/1235/900 887/1217/887 886/1216/886
f 925/1268/925 881/1211/881 860/1210/860
f 925/1268/925 922/1265/922 881/1211/881
f 891/1224/891 926/1269/926 909/1244/909
f 922/1265/922 927/1270/927 891/1224/891
f 895/1230/895 896/1231/896 928/1271/928
f 909/1244/909 926/1269/926 896/1231/896
f 923/1266/923 929/1272/929 893/1228/893
f 928/1271/928 923/1266/923 895/1230/895
f 891/1224/891 927/1270/927 926/1269/926
f 930/1273/930 900/1235/900 924/1267/924
f 924/1267/924 893/1228/893 929/1272/929
f 860/1210/860 859/1274/859 925/1268/925
f 924/1267/924 900/1235/900 886/1216/886
f 922/1265/922 925/1268/925 927/1270/927
f 928/1271/928 896/1231/896 926/1269/926
f 923/1266/923 931/1275/931 929/1272/929
f 932/1276/932 923/1266/923 928/1271/928
f 41/1264/41 40/1277/40 900/1235/900
f 930/1273/930 933/1278/933 900/1235/900
f 924/1267/924 921/1262/921 930/1273/930
f 929/1272/929 921/1262/921 924/1267/924
f 859/1274/859 830/1279/830 925/1268/925
f 931/1275/931 923/1266/923 932/1276/932
f 925/1268/925 829/1280/829 927/1270/927
f 921/1262/921 929/1272/929 934/1281/934
f 925/1268/925 830/1279/830 829/1280/829
f 40/1277/40 901/1236/901 900/1235/900
f 932/1276/932 928/1271/928 926/1269/926
f 884/1214/884 920/1261/920 898/1233/898
f 931/1275/931 934/1281/934 929/1272/929
f 935/1282/935 932/1276/932 926/1269/926
f 927/1270/927 935/1282/935 926/1269/926
f 931/1275/931 936/1283/936 934/1281/934
f 921/1262/921 934/1281/934 936/1283/936
f 932/1276/932 935/1282/935 408/1284/408
f 931/1275/931 408/1284/408 936/1283/936
f 936/1283/936 937/1285/937 921/1262/921
f 409/1286/409 935/1282/935 829/1280/829
f 408/1284/408 935/1282/935 409/1286/409
f 937/1285/937 936/1283/936 408/1284/408
f 921/1262/921 41/1264/41 933/1278/933
f 937/1285/937 408/1284/408 404/1287/404
f 885/1215/885 924/1267/924 886/1216/886
f 408/1284/408 931/1275/931 932/1276/932
f 921/1262/921 937/1285/937 42/1263/42
f 927/1270/927 829/1280/829 935/1282/935
f 933/1278/933 930/1273/930 921/1262/921
f 900/1235/900 933/1278/933 41/1264/41
f 920/1261/920 906/1241/906 898/1233/898
f 797/1248/797 884/1214/884 807/1288/807
f 807/1288/807 884/1214/884 898/1233/898
f 938/1289/938 939/1290/939 940/1291/940
f 941/1292/941 942/1293/942 869/1294/869
f 943/1295/943 944/1296/944 945/1297/945
f 946/1298/946 947/1299/947 948/1300/948
f 949/1301/949 950/1302/950 951/1303/951
f 944/1296/944 943/1295/943 951/1303/951
f 947/1299/947 952/1304/952 948/1300/948
f 951/1303/951 943/1295/943 953/1305/953
f 954/1306/954 955/1307/955 941/1292/941
f 956/1308/956 947/1299/947 946/1298/946
f 957/1309/957 958/1310/958 959/1311/959
f 941/1292/941 960/1312/960 942/1293/942
f 961/1313/961 962/1314/962 963/1315/963
f 964/1316/964 965/1317/965 299/1318/299
f 939/1290/939 955/1307/955 966/1319/966
f 967/1320/967 968/1321/968 969/1322/969
f 953/1305/953 970/1323/970 971/1324/971
f 972/1325/972 973/1326/973 974/1327/974
f 418/1328/418 420/1329/420 975/1330/975
f 954/1306/954 976/1331/976 955/1307/955
f 682/1332/682 963/1315/963 962/1314/962
f 977/1333/977 978/1334/978 668/1335/668
f 979/1336/979 555/1337/555 259/1338/259
f 938/1289/938 960/1312/960 939/1290/939
f 980/1339/980 973/1326/973 978/1334/978
f 555/1337/555 979/1336/979 562/1340/562
f 981/1341/981 982/1342/982 968/1321/968
f 983/1343/983 974/1327/974 984/1344/984
f 441/1345/441 693/1346/693 975/1330/975
f 972/1325/972 985/1347/985 986/1348/986
f 562/1340/562 426/1349/426 985/1347/985
f 562/1340/562 979/1336/979 426/1349/426
f 985/1347/985 426/1349/426 975/1330/975
f 441/1345/441 975/1330/975 420/1329/420
f 971/1324/971 951/1303/951 953/1305/953
f 975/1330/975 693/1346/693 986/1348/986
f 426/1349/426 979/1336/979 448/1350/448
f 951/1303/951 971/1324/971 949/1301/949
f 987/1351/987 960/1312/960 938/1289/938
f 977/1333/977 668/1335/668 682/1332/682
f 942/1293/942 304/1352/304 298/1353/298
f 988/1354/988 989/1355/989 981/1341/981
f 987/1351/987 990/1356/990 965/1317/965
f 426/1349/426 418/1328/418 975/1330/975
f 966/1319/966 940/1291/940 939/1290/939
f 961/1313/961 991/1357/991 992/1358/992
f 964/1316/964 312/1359/312 302/1360/302
f 993/1361/993 966/1319/966 976/1331/976
f 960/1312/960 304/1352/304 942/1293/942
f 994/1362/994 948/1300/948 995/1363/995
f 945/1297/945 996/1364/996 943/1295/943
f 952/1304/952 685/1365/685 316/1366/316
f 949/1301/949 940/1291/940 966/1319/966
f 970/1323/970 953/1305/953 946/1298/946
f 988/1354/988 997/1367/997 989/1355/989
f 959/1311/959 967/1320/967 969/1322/969
f 991/1357/991 963/1315/963 952/1304/952
f 952/1304/952 956/1308/956 991/1357/991
f 998/1368/998 525/1369/525 524/1370/524
f 508/1371/508 537/1372/537 984/1344/984
f 940/1291/940 949/1301/949 971/1324/971
f 987/1351/987 938/1289/938 990/1356/990
f 999/1373/999 954/1306/954 941/1292/941
f 964/1316/964 302/1360/302 304/1352/304
f 941/1292/941 1000/1374/1000 960/1312/960
f 949/1301/949 993/1361/993 950/1302/950
f 940/1291/940 994/1362/994 1001/1375/1001
f 975/1330/975 986/1348/986 985/1347/985
f 869/1294/869 942/1293/942 863/1376/863
f 940/1291/940 970/1323/970 994/1362/994
f 958/1310/958 967/1320/967 959/1311/959
f 983/1343/983 525/1369/525 985/1347/985
f 995/1363/995 314/1377/314 1001/1375/1001
f 989/1355/989 980/1339/980 982/1342/982
f 974/1327/974 989/1355/989 997/1367/997
f 995/1363/995 1001/1375/1001 994/1362/994
f 972/1325/972 974/1327/974 983/1343/983
f 1001/1375/1001 314/1377/314 990/1356/990
f 981/1341/981 989/1355/989 982/1342/982
f 997/1367/997 508/1371/508 984/1344/984
f 961/1313/961 969/1322/969 982/1342/982
f 957/1309/957 959/1311/959 992/1358/992
f 537/1372/537 525/1369/525 983/1343/983
f 316/1366/316 948/1300/948 952/1304/952
f 941/1292/941 955/1307/955 1000/1374/1000
f 985/1347/985 998/1368/998 562/1340/562
f 997/1367/997 1002/1378/1002 501/1379/501
f 982/1342/982 980/1339/980 962/1314/962
f 981/1341/981 1002/1378/1002 988/1354/988
f 967/1320/967 1003/1380/1003 968/1321/968
f 953/1305/953 957/1309/957 956/1308/956
f 961/1313/961 992/1358/992 959/1311/959
f 980/1339/980 989/1355/989 973/1326/973
f 1000/1374/1000 955/1307/955 939/1290/939
f 986/1348/986 978/1334/978 973/1326/973
f 968/1321/968 1002/1378/1002 981/1341/981
f 304/1352/304 960/1312/960 964/1316/964
f 863/1376/863 942/1293/942 298/1353/298
f 987/1351/987 965/1317/965 964/1316/964
f 668/1335/668 978/1334/978 693/1346/693
f 974/1327/974 997/1367/997 984/1344/984
f 999/1373/999 941/1292/941 869/1294/869
f 986/1348/986 973/1326/973 972/1325/972
f 952/1304/952 947/1299/947 956/1308/956
f 993/1361/993 1004/1381/1004 950/1302/950
f 952/1304/952 963/1315/963 685/1365/685
f 957/1309/957 953/1305/953 943/1295/943
f 940/1291/940 971/1324/971 970/1323/970
f 983/1343/983 984/1344/984 537/1372/537
f 960/1312/960 1000/1374/1000 939/1290/939
f 316/1366/316 310/1382/310 995/1363/995
f 948/1300/948 316/1366/316 995/1363/995
f 957/1309/957 992/1358/992 956/1308/956
f 854/1383/854 999/1373/999 869/1294/869
f 985/1347/985 972/1325/972 983/1343/983
f 985/1347/985 525/1369/525 998/1368/998
f 970/1323/970 946/1298/946 948/1300/948
f 1002/1378/1002 968/1321/968 1003/1380/1003
f 948/1300/948 994/1362/994 970/1323/970
f 997/1367/997 531/1384/531 508/1371/508
f 962/1314/962 961/1313/961 982/1342/982
f 968/1321/968 982/1342/982 969/1322/969
f 562/1340/562 998/1368/998 524/1370/524
f 964/1316/964 960/1312/960 987/1351/987
f 1001/1375/1001 938/1289/938 940/1291/940
f 1004/1381/1004 993/1361/993 954/1306/954
f 966/1319/966 993/1361/993 949/1301/949
f 978/1334/978 986/1348/986 693/1346/693
f 956/1308/956 992/1358/992 991/1357/991
f 958/1310/958 957/1309/957 943/1295/943
f 1005/1385/1005 1006/1386/1006 1007/1387/1007
f 1006/1386/1006 1008/1388/1008 1009/1389/1009
f 501/1379/501 1010/1390/1010 1005/1385/1005
f 1003/1380/1003 1006/1386/1006 1010/1390/1010
f 946/1298/946 953/1305/953 956/1308/956
f 1011/1391/1011 1008/1388/1008 967/1320/967
f 1002/1378/1002 1003/1380/1003 501/1379/501
f 1008/1388/1008 1011/1391/1011 1009/1389/1009
f 502/1392/502 501/1379/501 1005/1385/1005
f 995/1363/995 310/1382/310 314/1377/314
f 954/1306/954 993/1361/993 976/1331/976
f 991/1357/991 961/1313/961 963/1315/963
f 1007/1387/1007 1006/1386/1006 1012/1393/1012
f 965/1317/965 990/1356/990 314/1377/314
f 977/1333/977 962/1314/962 980/1339/980
f 314/1377/314 299/1318/299 965/1317/965
f 961/1313/961 959/1311/959 969/1322/969
f 1005/1385/1005 1010/1390/1010 1006/1386/1006
f 944/1296/944 1012/1393/1012 945/1297/945
f 943/1295/943 996/1364/996 958/1310/958
f 1006/1386/1006 1009/1389/1009 1012/1393/1012
f 1001/1375/1001 990/1356/990 938/1289/938
f 1012/1393/1012 1009/1389/1009 945/1297/945
f 996/1364/996 945/1297/945 1013/1394/1013
f 501/1379/501 1003/1380/1003 1010/1390/1010
f 1003/1380/1003 1008/1388/1008 1006/1386/1006
f 1013/1394/1013 945/1297/945 1009/1389/1009
f 1008/1388/1008 1003/1380/1003 967/1320/967
f 1013/1394/1013 1009/1389/1009 1011/1391/1011
f 958/1310/958 996/1364/996 1013/1394/1013
f 1011/1391/1011 958/1310/958 1013/1394/1013
f 1011/1391/1011 967/1320/967 958/1310/958
f 966/1319/966 955/1307/955 976/1331/976
f 973/1326/973 989/1355/989 974/1327/974
f 299/1318/299 312/1359/312 964/1316/964
f 988/1354/988 1002/1378/1002 997/1367/997
f 531/1384/531 997/1367/997 501/1379/501
f 980/1339/980 978/1334/978 977/1333/977
f 682/1332/682 962/1314/962 977/1333/977
f 685/1365/685 963/1315/963 682/1332/682
f 448/1350/448 979/1336/979 259/1338/259
f 1014/1395/1014 1015/1396/1015 1016/1397/1016
f 1017/1398/1017 580/1399/580 1018/1400/1018
f 1019/1401/1019 1015/1396/1015 1020/1402/1020
f 1021/1403/1021 1022/1404/1022 1023/1405/1023
f 1024/1406/1024 1025/1407/1025 1026/1408/1026
f 1027/1409/1027 1028/1410/1028 1029/1411/1029
f 1018/1400/1018 580/1399/580 583/1412/583
f 1020/1402/1020 1015/1396/1015 1014/1395/1014
f 1018/1400/1018 1030/1413/1030 1017/1398/1017
f 1014/1395/1014 1017/1398/1017 1031/1414/1031
f 1020/1402/1020 1032/1415/1032 1019/1401/1019
f 1021/1403/1021 1023/1405/1023 1033/1416/1033
f 1034/1417/1034 1035/1418/1035 533/1419/533
f 1020/1402/1020 1014/1395/1014 1031/1414/1031
f 1036/1420/1036 1021/1403/1021 1037/1421/1037
f 1038/1422/1038 1029/1411/1029 1039/1423/1039
f 1018/1400/1018 1040/1424/1040 1041/1425/1041
f 1021/1403/1021 1033/1416/1033 1037/1421/1037
f 1018/1400/1018 583/1412/583 1040/1424/1040
f 1019/1401/1019 1032/1415/1032 1042/1426/1042
f 1040/1424/1040 1043/1427/1043 1041/1425/1041
f 1044/1428/1044 1045/1429/1045 569/1430/569
f 1046/1431/1046 1020/1402/1020 1030/1413/1030
f 575/1432/575 1047/1433/1047 581/1434/581
f 1030/1413/1030 1018/1400/1018 1041/1425/1041
f 1038/1422/1038 1048/1435/1048 1049/1436/1049
f 1041/1425/1041 1043/1427/1043 1030/1413/1030
f 1029/1411/1029 1028/1410/1028 1039/1423/1039
f 1050/1437/1050 573/1438/573 1024/1406/1024
f 1039/1423/1039 1051/1439/1051 1038/1422/1038
f 1040/1424/1040 583/1412/583 582/1440/582
f 1037/1421/1037 1038/1422/1038 1050/1437/1050
f 1024/1406/1024 1036/1420/1036 1050/1437/1050
f 1036/1420/1036 1037/1421/1037 1050/1437/1050
f 526/1441/526 1052/1442/1052 524/1443/524
f 1042/1426/1042 1046/1431/1046 1051/1439/1051
f 1022/1404/1022 1053/1444/1053 1054/1445/1054
f 1042/1426/1042 1051/1439/1051 1039/1423/1039
f 1055/1446/1055 1026/1408/1026 1025/1407/1025
f 1043/1427/1043 1040/1424/1040 582/1440/582
f 1056/1447/1056 1057/1448/1057 573/1438/573
f 1049/1436/1049 1050/1437/1050 1038/1422/1038
f 1027/1409/1027 1033/1416/1033 1058/1449/1058
f 581/1434/581 1043/1427/1043 582/1440/582
f 1059/1450/1059 1028/1410/1028 1060/1451/1060
f 1051/1439/1051 1046/1431/1046 1048/1435/1048
f 1032/1415/1032 1046/1431/1046 1042/1426/1042
f 566/1452/566 1049/1436/1049 584/1453/584
f 573/1438/573 1050/1437/1050 1049/1436/1049
f 581/1434/581 1047/1433/1047 1043/1427/1043
f 1045/1429/1045 1044/1428/1044 1061/1454/1061
f 1051/1439/1051 1048/1435/1048 1038/1422/1038
f 1024/1406/1024 1026/1408/1026 1036/1420/1036
f 1048/1435/1048 1046/1431/1046 1047/1433/1047
f 1020/1402/1020 1046/1431/1046 1032/1415/1032
f 1061/1454/1061 1044/1428/1044 1017/1398/1017
f 1031/1414/1031 1017/1398/1017 1030/1413/1030
f 1046/1431/1046 1043/1427/1043 1047/1433/1047
f 1049/1436/1049 1062/1455/1062 584/1453/584
f 1037/1421/1037 1033/1416/1033 1027/1409/1027
f 1026/1408/1026 1021/1403/1021 1036/1420/1036
f 575/1432/575 584/1453/584 1062/1455/1062
f 1055/1446/1055 1022/1404/1022 1021/1403/1021
f 1029/1411/1029 1037/1421/1037 1027/1409/1027
f 566/1452/566 573/1438/573 1049/1436/1049
f 1063/1456/1063 1022/1404/1022 1064/1457/1064
f 1046/1431/1046 1030/1413/1030 1043/1427/1043
f 1027/1409/1027 1060/1451/1060 1028/1410/1028
f 1055/1446/1055 1021/1403/1021 1026/1408/1026
f 1025/1407/1025 1065/1458/1065 1055/1446/1055
f 1030/1413/1030 1020/1402/1020 1031/1414/1031
f 1062/1455/1062 1047/1433/1047 575/1432/575
f 1039/1423/1039 1028/1410/1028 1059/1450/1059
f 1038/1422/1038 1037/1421/1037 1029/1411/1029
f 1022/1404/1022 1055/1446/1055 1064/1457/1064
f 1062/1455/1062 1049/1436/1049 1048/1435/1048
f 1060/1451/1060 1027/1409/1027 1058/1449/1058
f 1017/1398/1017 1044/1428/1044 580/1399/580
f 1017/1398/1017 1014/1395/1014 1016/1397/1016
f 1023/1405/1023 1058/1449/1058 1033/1416/1033
f 1062/1455/1062 1048/1435/1048 1047/1433/1047
f 1017/1398/1017 1016/1397/1016 1061/1454/1061
f 1066/1459/1066 1058/1449/1058 1023/1405/1023
f 1023/1405/1023 1022/1404/1022 1054/1445/1054
f 1060/1451/1060 1058/1449/1058 1066/1459/1066
f 1067/1460/1067 569/1430/569 1045/1429/1045
f 1064/1457/1064 1055/1446/1055 1065/1458/1065
f 1068/1461/1068 1059/1450/1059 1060/1451/1060
f 1054/1445/1054 1066/1459/1066 1023/1405/1023
f 1064/1457/1064 1065/1458/1065 631/1462/631
f 1069/1463/1069 1059/1450/1059 1070/1464/1070
f 1068/1461/1068 1070/1464/1070 1059/1450/1059
f 633/1465/633 1063/1456/1063 1064/1457/1064
f 1063/1456/1063 1053/1444/1053 1022/1404/1022
f 1064/1457/1064 631/1462/631 633/1465/633
f 633/1465/633 1053/1444/1053 1063/1456/1063
f 1069/1463/1069 1042/1426/1042 1039/1423/1039
f 1069/1463/1069 1039/1423/1039 1059/1450/1059
f 1071/1466/1071 1067/1460/1067 1045/1429/1045
f 1019/1401/1019 1042/1426/1042 1069/1463/1069
f 1072/1467/1072 1073/1468/1073 1074/1469/1074
f 1073/1468/1073 656/1470/656 661/1471/661
f 1075/1472/1075 1015/1396/1015 1069/1463/1069
f 1019/1401/1019 1069/1463/1069 1015/1396/1015
f 1076/1473/1076 1077/1474/1077 1078/1475/1078
f 661/1471/661 291/1476/291 278/1477/278
f 1068/1461/1068 1078/1475/1078 1070/1464/1070
f 209/1478/209 291/1476/291 661/1471/661
f 1079/1479/1079 1080/1480/1080 1075/1472/1075
f 1075/1472/1075 1081/1481/1081 1079/1479/1079
f 1077/1474/1077 1081/1481/1081 1078/1475/1078
f 1077/1474/1077 1074/1469/1074 1082/1482/1082
f 1067/1460/1067 1071/1466/1071 267/1483/267
f 1057/1448/1057 1083/1484/1083 1025/1407/1025
f 1024/1406/1024 1057/1448/1057 1025/1407/1025
f 1084/1485/1084 1083/1484/1083 1052/1442/1052
f 1073/1468/1073 1082/1482/1082 1074/1469/1074
f 1080/1480/1080 1079/1479/1079 1085/1486/1085
f 1016/1397/1016 1015/1396/1015 1086/1487/1086
f 1016/1397/1016 1087/1488/1087 1061/1454/1061
f 526/1441/526 533/1419/533 1035/1418/1035
f 1077/1474/1077 1088/1489/1088 1081/1481/1081
f 277/1490/277 1082/1482/1082 278/1477/278
f 1074/1469/1074 1077/1474/1077 1076/1473/1076
f 1073/1468/1073 1072/1467/1072 656/1470/656
f 1083/1484/1083 1084/1485/1084 1065/1458/1065
f 1065/1458/1065 1025/1407/1025 1083/1484/1083
f 1034/1417/1034 1084/1485/1084 1052/1442/1052
f 1034/1417/1034 635/1491/635 1089/1492/1089
f 1088/1489/1088 1090/1493/1090 1085/1486/1085
f 580/1399/580 1044/1428/1044 578/1494/578
f 1044/1428/1044 569/1430/569 578/1494/578
f 1074/1469/1074 1076/1473/1076 1072/1467/1072
f 1088/1489/1088 1085/1486/1085 1079/1479/1079
f 1086/1487/1086 1080/1480/1080 1090/1493/1090
f 1016/1397/1016 1086/1487/1086 1087/1488/1087
f 1087/1488/1087 1091/1495/1091 1061/1454/1061
f 1061/1454/1061 1091/1495/1091 1045/1429/1045
f 657/1496/657 1092/1497/1092 658/1498/658
f 1093/1499/1093 658/1498/658 1092/1497/1092
f 266/1500/266 569/1430/569 1067/1460/1067
f 1045/1429/1045 1094/1501/1094 1071/1466/1071
f 282/1502/282 280/1503/280 1088/1489/1088
f 651/1504/651 658/1498/658 1093/1499/1093
f 1095/1505/1095 1054/1445/1054 1053/1444/1053
f 1096/1506/1096 1078/1475/1078 1060/1451/1060
f 1072/1467/1072 657/1496/657 656/1470/656
f 1093/1499/1093 1092/1497/1092 1095/1505/1095
f 1097/1507/1097 1096/1506/1096 1092/1497/1092
f 1053/1444/1053 633/1465/633 645/1508/645
f 1072/1467/1072 1097/1507/1097 657/1496/657
f 651/1504/651 1093/1499/1093 1053/1444/1053
f 1097/1507/1097 1092/1497/1092 657/1496/657
f 1095/1505/1095 1092/1497/1092 1054/1445/1054
f 1096/1506/1096 1066/1459/1066 1092/1497/1092
f 1097/1507/1097 1076/1473/1076 1096/1506/1096
f 1056/1447/1056 563/1509/563 1052/1442/1052
f 625/1510/625 627/1511/627 1098/1512/1098
f 1098/1512/1098 627/1511/627 631/1462/631
f 1056/1447/1056 1083/1484/1083 1057/1448/1057
f 1097/1507/1097 1072/1467/1072 1076/1473/1076
f 1096/1506/1096 1060/1451/1060 1066/1459/1066
f 645/1508/645 651/1504/651 1053/1444/1053
f 1078/1475/1078 1096/1506/1096 1076/1473/1076
f 1092/1497/1092 1066/1459/1066 1054/1445/1054
f 1070/1464/1070 1081/1481/1081 1075/1472/1075
f 1098/1512/1098 1089/1492/1089 625/1510/625
f 1065/1458/1065 1098/1512/1098 631/1462/631
f 625/1510/625 1089/1492/1089 635/1491/635
f 1065/1458/1065 1089/1492/1089 1098/1512/1098
f 1052/1442/1052 526/1441/526 1035/1418/1035
f 1086/1487/1086 1015/1396/1015 1080/1480/1080
f 1082/1482/1082 1073/1468/1073 661/1471/661
f 1053/1444/1053 1093/1499/1093 1095/1505/1095
f 1090/1493/1090 1087/1488/1087 1086/1487/1086
f 541/1513/541 1034/1417/1034 533/1419/533
f 1090/1493/1090 276/1514/276 1087/1488/1087
f 276/1514/276 1094/1501/1094 1087/1488/1087
f 1078/1475/1078 1081/1481/1081 1070/1464/1070
f 1080/1480/1080 1015/1396/1015 1075/1472/1075
f 1057/1448/1057 1024/1406/1024 573/1438/573
f 286/1515/286 1090/1493/1090 1088/1489/1088
f 1084/1485/1084 1089/1492/1089 1065/1458/1065
f 1090/1493/1090 286/1515/286 276/1514/276
f 1081/1481/1081 1088/1489/1088 1079/1479/1079
f 275/1516/275 1071/1466/1071 1094/1501/1094
f 282/1502/282 1077/1474/1077 1082/1482/1082
f 275/1516/275 292/1517/292 1071/1466/1071
f 524/1443/524 1052/1442/1052 563/1509/563
f 1078/1475/1078 1068/1461/1068 1060/1451/1060
f 1091/1495/1091 1094/1501/1094 1045/1429/1045
f 282/1502/282 1082/1482/1082 277/1490/277
f 661/1471/661 278/1477/278 1082/1482/1082
f 1088/1489/1088 280/1503/280 286/1515/286
f 1090/1493/1090 1080/1480/1080 1085/1486/1085
f 276/1514/276 275/1516/275 1094/1501/1094
f 267/1483/267 1071/1466/1071 292/1517/292
f 1070/1464/1070 1075/1472/1075 1069/1463/1069
f 1034/1417/1034 541/1513/541 635/1491/635
f 1091/1495/1091 1087/1488/1087 1094/1501/1094
f 266/1500/266 1067/1460/1067 267/1483/267
f 1088/1489/1088 1077/1474/1077 282/1502/282
f 1083/1484/1083 1056/1447/1056 1052/1442/1052
f 1035/1418/1035 1034/1417/1034 1052/1442/1052
f 1084/1485/1084 1034/1417/1034 1089/1492/1089
f 563/1509/563 1056/1447/1056 573/1438/573
f 1099/1518/1099 1100/1519/1100 1101/1520/1101
f 1102/1521/1102 1103/1522/1103 1104/1523/1104
f 1105/1524/1105 1106/1525/1106 1107/1526/1107
f 504/1527/504 1108/1528/1108 520/1529/520
f 1109/1530/1109 1110/1531/1110 1111/1532/1111
f 1112/1533/1112 1107/1526/1107 1113/1534/1113
f 535/1535/535 1108/1528/1108 1114/1536/1114
f 1112/1533/1112 1113/1534/1113 1115/1537/1115
f 1105/1524/1105 1116/1538/1116 1106/1525/1106
f 534/1539/534 523/1540/523 1117/1541/1117
f 520/1529/520 1108/1528/1108 535/1535/535
f 1117/1541/1117 523/1540/523 535/1535/535
f 1103/1522/1103 1111/1532/1111 1110/1531/1110
f 1113/1534/1113 1107/1526/1107 1106/1525/1106
f 535/1535/535 1114/1536/1114 1117/1541/1117
f 1099/1518/1099 1118/1542/1118 1119/1543/1119
f 1115/1537/1115 381/1544/381 369/1545/369
f 1104/1523/1104 1120/1546/1120 1102/1521/1102
f 1121/1547/1121 1122/1548/1122 1123/1549/1123
f 1124/1550/1124 210/1551/210 1125/1552/1125
f 1121/1547/1121 1123/1549/1123 1126/1553/1126
f 1115/1537/1115 378/1554/378 1127/1555/1127
f 1105/1524/1105 1128/1556/1128 1123/1549/1123
f 1113/1534/1113 381/1544/381 1115/1537/1115
f 1109/1530/1109 190/1557/190 1110/1531/1110
f 381/1544/381 1113/1534/1113 1129/1558/1129
f 1115/1537/1115 369/1545/369 378/1554/378
f 1101/1520/1101 1118/1542/1118 1099/1518/1099
f 1130/1559/1130 1110/1531/1110 190/1557/190
f 1119/1543/1119 1118/1542/1118 1131/1560/1131
f 1110/1531/1110 1132/1561/1132 1103/1522/1103
f 1129/1558/1129 364/1562/364 381/1544/381
f 1132/1561/1132 1110/1531/1110 1130/1559/1130
f 365/1563/365 364/1562/364 1129/1558/1129
f 1133/1564/1133 1121/1547/1121 1126/1553/1126
f 1134/1565/1134 1135/1566/1135 1128/1556/1128
f 1134/1565/1134 1105/1524/1105 1104/1523/1104
f 211/1567/211 1125/1552/1125 210/1551/210
f 1118/1542/1118 1136/1568/1136 1137/1569/1137
f 1137/1569/1137 1138/1570/1138 1131/1560/1131
f 210/1551/210 1124/1550/1124 377/1571/377
f 1126/1553/1126 1139/1572/1139 1140/1573/1140
f 211/1567/211 1109/1530/1109 1111/1532/1111
f 1135/1566/1135 1139/1572/1139 1126/1553/1126
f 1136/1568/1136 1141/1574/1141 1142/1575/1142
f 1107/1526/1107 1104/1523/1104 1105/1524/1105
f 1143/1576/1143 1112/1533/1112 1127/1555/1127
f 1120/1546/1120 1111/1532/1111 1103/1522/1103
f 1134/1565/1134 1104/1523/1104 1144/1577/1144
f 190/1557/190 1109/1530/1109 191/1578/191
f 1138/1570/1138 1137/1569/1137 1145/1579/1145
f 1137/1569/1137 1136/1568/1136 1146/1580/1146
f 1145/1579/1145 1147/1581/1147 1148/1582/1148
f 1149/1583/1149 1122/1548/1122 1150/1584/1150
f 1151/1585/1151 1152/1586/1152 1153/1587/1153
f 1119/1543/1119 1154/1588/1154 1099/1518/1099
f 1155/1589/1155 1148/1582/1148 1147/1581/1147
f 1156/1590/1156 1157/1591/1157 1158/1592/1158
f 1143/1576/1143 378/1554/378 377/1571/377
f 1134/1565/1134 1128/1556/1128 1105/1524/1105
f 377/1571/377 1124/1550/1124 1143/1576/1143
f 1144/1577/1144 1104/1523/1104 1103/1522/1103
f 1157/1591/1157 1159/1593/1159 1160/1594/1160
f 1130/1559/1130 190/1557/190 188/1595/188
f 1161/1596/1161 1136/1568/1136 1142/1575/1142
f 1161/1596/1161 1146/1580/1146 1136/1568/1136
f 1143/1576/1143 1107/1526/1107 1112/1533/1112
f 1162/1597/1162 1147/1581/1147 1145/1579/1145
f 1163/1598/1163 1164/1599/1164 1139/1572/1139
f 1164/1599/1164 1133/1564/1133 1140/1573/1140
f 1123/1549/1123 1122/1548/1122 1116/1538/1116
f 1159/1593/1159 1157/1591/1157 1165/1600/1165
f 1131/1560/1131 1154/1588/1154 1119/1543/1119
f 1166/1601/1166 189/1602/189 1167/1603/1167
f 1163/1598/1163 1168/1604/1168 1169/1605/1169
f 211/1567/211 191/1578/191 1109/1530/1109
f 1165/1600/1165 1157/1591/1157 1156/1590/1156
f 378/1554/378 1143/1576/1143 1127/1555/1127
f 1161/1596/1161 1142/1575/1142 1168/1604/1168
f 1164/1599/1164 1140/1573/1140 1139/1572/1139
f 1170/1606/1170 1155/1589/1155 1147/1581/1147
f 1145/1579/1145 1146/1580/1146 1162/1597/1162
f 1139/1572/1139 1160/1594/1160 1171/1607/1171
f 10/1608/10 11/1609/11 1155/1589/1155
f 1135/1566/1135 1158/1592/1158 1139/1572/1139
f 10/1608/10 1155/1589/1155 1170/1606/1170
f 1123/1549/1123 1128/1556/1128 1126/1553/1126
f 1172/1610/1172 1173/1611/1173 1174/1612/1174
f 1165/1600/1165 1156/1590/1156 1103/1522/1103
f 1168/1604/1168 1175/1613/1175 1161/1596/1161
f 1107/1526/1107 1120/1546/1120 1104/1523/1104
f 1120/1546/1120 1103/1522/1103 1102/1521/1102
f 1170/1606/1170 1162/1597/1162 1176/1614/1176
f 1125/1552/1125 211/1567/211 1111/1532/1111
f 1162/1597/1162 1146/1580/1146 1175/1613/1175
f 1122/1548/1122 1121/1547/1121 1150/1584/1150
f 1173/1611/1173 10/1608/10 1176/1614/1176
f 1177/1615/1177 1124/1550/1124 1125/1552/1125
f 1160/1594/1160 1159/1593/1159 1171/1607/1171
f 1178/1616/1178 1179/1617/1179 1180/1618/1180
f 10/1608/10 1170/1606/1170 1176/1614/1176
f 1120/1546/1120 1107/1526/1107 1143/1576/1143
f 1111/1532/1111 1120/1546/1120 1177/1615/1177
f 1106/1525/1106 1129/1558/1129 1113/1534/1113
f 1115/1537/1115 1127/1555/1127 1112/1533/1112
f 1153/1587/1153 1178/1616/1178 1151/1585/1151
f 1103/1522/1103 1132/1561/1132 1165/1600/1165
f 1145/1579/1145 1148/1582/1148 1138/1570/1138
f 1157/1591/1157 1160/1594/1160 1158/1592/1158
f 1120/1546/1120 1143/1576/1143 1177/1615/1177
f 1124/1550/1124 1177/1615/1177 1143/1576/1143
f 1116/1538/1116 1122/1548/1122 1181/1619/1181
f 1168/1604/1168 1182/1620/1182 1175/1613/1175
f 1144/1577/1144 1158/1592/1158 1135/1566/1135
f 1183/1621/1183 1181/1619/1181 1122/1548/1122
f 1171/1607/1171 1159/1593/1159 1152/1586/1152
f 1171/1607/1171 1182/1620/1182 1168/1604/1168
f 1125/1552/1125 1111/1532/1111 1177/1615/1177
f 1126/1553/1126 1128/1556/1128 1135/1566/1135
f 1184/1622/1184 1122/1548/1122 1149/1583/1149
f 1183/1621/1183 1122/1548/1122 1184/1622/1184
f 1164/1599/1164 1163/1598/1163 1169/1605/1169
f 1158/1592/1158 1144/1577/1144 1156/1590/1156
f 1141/1574/1141 1136/1568/1136 1101/1520/1101
f 1123/1549/1123 1116/1538/1116 1105/1524/1105
f 1168/1604/1168 1163/1598/1163 1171/1607/1171
f 1129/1558/1129 1181/1619/1181 365/1563/365
f 1132/1561/1132 1166/1601/1166 1165/1600/1165
f 1106/1525/1106 1116/1538/1116 1129/1558/1129
f 349/1623/349 1181/1619/1181 1183/1621/1183
f 1151/1585/1151 1185/1624/1185 1182/1620/1182
f 1160/1594/1160 1139/1572/1139 1158/1592/1158
f 1173/1611/1173 1162/1597/1162 1185/1624/1185
f 1178/1616/1178 1153/1587/1153 1186/1625/1186
f 365/1563/365 1181/1619/1181 349/1623/349
f 1179/1617/1179 1167/1603/1167 187/1626/187
f 1183/1621/1183 347/1627/347 349/1623/349
f 1116/1538/1116 1181/1619/1181 1129/1558/1129
f 9/1628/9 1172/1610/1172 1179/1617/1179
f 1185/1624/1185 1175/1613/1175 1182/1620/1182
f 1108/1528/1108 1154/1588/1154 1114/1536/1114
f 1114/1536/1114 1187/1629/1187 1188/1630/1188
f 1188/1630/1188 1117/1541/1117 1114/1536/1114
f 1154/1588/1154 1187/1629/1187 1114/1536/1114
f 1154/1588/1154 1131/1560/1131 1187/1629/1187
f 1131/1560/1131 1138/1570/1138 1189/1631/1189
f 1138/1570/1138 1148/1582/1148 1190/1632/1190
f 1187/1629/1187 1131/1560/1131 1189/1631/1189
f 1189/1631/1189 1191/1633/1191 1192/1634/1192
f 1187/1629/1187 1189/1631/1189 1192/1634/1192
f 1192/1634/1192 1191/1633/1191 1187/1629/1187
f 1193/1635/1193 1190/1632/1190 14/1636/14
f 1190/1632/1190 1193/1635/1193 1191/1633/1191
f 189/1602/189 1130/1559/1130 188/1595/188
f 1117/1541/1117 1194/1637/1194 534/1539/534
f 1182/1620/1182 1171/1607/1171 1152/1586/1152
f 1099/1518/1099 1154/1588/1154 1100/1519/1100
f 1191/1633/1191 1195/1638/1195 1188/1630/1188
f 1188/1630/1188 1194/1637/1194 1117/1541/1117
f 1173/1611/1173 9/1628/9 10/1608/10
f 1175/1613/1175 1185/1624/1185 1162/1597/1162
f 189/1602/189 1166/1601/1166 1130/1559/1130
f 1148/1582/1148 14/1636/14 1190/1632/1190
f 1186/1625/1186 1166/1601/1166 1167/1603/1167
f 187/1626/187 181/1639/181 1179/1617/1179
f 189/1602/189 187/1626/187 1167/1603/1167
f 527/1640/527 1194/1637/1194 1196/1641/1196
f 1196/1641/1196 1194/1637/1194 1197/1642/1197
f 1101/1520/1101 1100/1519/1100 1198/1643/1198
f 1185/1624/1185 1174/1612/1174 1173/1611/1173
f 1163/1598/1163 1139/1572/1139 1171/1607/1171
f 1199/1644/1199 1121/1547/1121 1133/1564/1133
f 1194/1637/1194 1188/1630/1188 1197/1642/1197
f 1162/1597/1162 1173/1611/1173 1176/1614/1176
f 1137/1569/1137 1131/1560/1131 1118/1542/1118
f 14/1636/14 1148/1582/1148 13/1645/13
f 1190/1632/1190 1189/1631/1189 1138/1570/1138
f 9/1628/9 1179/1617/1179 181/1639/181
f 1188/1630/1188 1195/1638/1195 1197/1642/1197
f 9/1628/9 1173/1611/1173 1172/1610/1172
f 1130/1559/1130 1166/1601/1166 1132/1561/1132
f 1185/1624/1185 1151/1585/1151 1174/1612/1174
f 1155/1589/1155 13/1645/13 1148/1582/1148
f 52/1646/52 1193/1635/1193 14/1636/14
f 1168/1604/1168 1142/1575/1142 1169/1605/1169
f 1186/1625/1186 1179/1617/1179 1178/1616/1178
f 1150/1584/1150 1121/1547/1121 1199/1644/1199
f 1180/1618/1180 1172/1610/1172 1174/1612/1174
f 1186/1625/1186 1167/1603/1167 1179/1617/1179
f 1146/1580/1146 1145/1579/1145 1137/1569/1137
f 1193/1635/1193 54/1647/54 1191/1633/1191
f 1191/1633/1191 1189/1631/1189 1190/1632/1190
f 50/1648/50 1195/1638/1195 54/1647/54
f 1166/1601/1166 1186/1625/1186 1165/1600/1165
f 1135/1566/1135 1134/1565/1134 1144/1577/1144
f 1175/1613/1175 1146/1580/1146 1161/1596/1161
f 1193/1635/1193 52/1646/52 54/1647/54
f 1187/1629/1187 1191/1633/1191 1188/1630/1188
f 49/1649/49 1195/1638/1195 50/1648/50
f 11/1609/11 13/1645/13 1155/1589/1155
f 49/1649/49 1196/1641/1196 1197/1642/1197
f 49/1649/49 506/1650/506 1196/1641/1196
f 1174/1612/1174 1151/1585/1151 1180/1618/1180
f 527/1640/527 534/1539/534 1194/1637/1194
f 1200/1651/1200 1201/1652/1201 1202/1653/1202
f 1180/1618/1180 1151/1585/1151 1178/1616/1178
f 1005/1654/1005 1203/1655/1203 502/1656/502
f 1182/1620/1182 1152/1586/1152 1151/1585/1151
f 506/1650/506 527/1640/527 1196/1641/1196
f 1007/1657/1007 1200/1651/1200 1202/1653/1202
f 1170/1606/1170 1147/1581/1147 1162/1597/1162
f 1203/1655/1203 1007/1657/1007 1202/1653/1202
f 1195/1638/1195 49/1649/49 1197/1642/1197
f 1201/1652/1201 1203/1655/1203 1202/1653/1202
f 1007/1657/1007 1203/1655/1203 1005/1654/1005
f 1101/1520/1101 1136/1568/1136 1118/1542/1118
f 1200/1651/1200 1007/1657/1007 1100/1519/1100
f 1144/1577/1144 1103/1522/1103 1156/1590/1156
f 1126/1553/1126 1140/1573/1140 1133/1564/1133
f 1180/1618/1180 1179/1617/1179 1172/1610/1172
f 1191/1633/1191 54/1647/54 1195/1638/1195
f 1198/1643/1198 1100/1519/1100 1007/1657/1007
f 1201/1652/1201 1200/1651/1200 1154/1588/1154
f 1204/1658/1204 1198/1643/1198 1007/1657/1007
f 1100/1519/1100 1154/1588/1154 1200/1651/1200
f 504/1527/504 502/1656/502 1203/1655/1203
f 1108/1528/1108 1201/1652/1201 1154/1588/1154
f 1201/1652/1201 1108/1528/1108 504/1527/504
f 1012/1659/1012 1204/1658/1204 1007/1657/1007
f 1203/1655/1203 1201/1652/1201 504/1527/504
f 944/1660/944 1198/1643/1198 1204/1658/1204
f 1205/1661/1205 854/1662/854 827/1663/827
f 1206/1664/1206 380/1665/380 376/1666/376
f 1207/1667/1207 1208/1668/1208 1169/1605/1169
f 1207/1667/1207 1169/1605/1169 1142/1575/1142
f 944/1660/944 951/1669/951 1207/1667/1207
f 1209/1670/1209 1208/1668/1208 1210/1671/1210
f 380/1665/380 1211/1672/1211 1212/1673/1212
f 950/1674/950 1213/1675/1213 951/1669/951
f 1207/1667/1207 1213/1675/1213 1208/1668/1208
f 1206/1664/1206 1149/1583/1149 1150/1584/1150
f 1213/1675/1213 950/1674/950 1004/1676/1004
f 1004/1676/1004 1208/1668/1208 1213/1675/1213
f 347/1627/347 1184/1622/1184 372/1677/372
f 1004/1676/1004 954/1678/954 1210/1671/1210
f 380/1665/380 1206/1664/1206 1211/1672/1211
f 1206/1664/1206 1214/1679/1214 1211/1672/1211
f 999/1680/999 1215/1681/1215 954/1678/954
f 854/1662/854 1205/1661/1205 999/1680/999
f 1210/1671/1210 1215/1681/1215 1216/1682/1216
f 1205/1661/1205 1215/1681/1215 999/1680/999
f 1205/1661/1205 827/1663/827 1212/1673/1212
f 1210/1671/1210 954/1678/954 1215/1681/1215
f 1212/1673/1212 1215/1681/1215 1205/1661/1205
f 827/1663/827 380/1665/380 1212/1673/1212
f 1216/1682/1216 1215/1681/1215 1212/1673/1212
f 1210/1671/1210 1208/1668/1208 1004/1676/1004
f 1217/1683/1217 1210/1671/1210 1216/1682/1216
f 1218/1684/1218 1216/1682/1216 1212/1673/1212
f 1218/1684/1218 1212/1673/1212 1211/1672/1211
f 1210/1671/1210 1217/1683/1217 1209/1670/1209
f 1216/1682/1216 1199/1644/1199 1217/1683/1217
f 1199/1644/1199 1216/1682/1216 1218/1684/1218
f 1211/1672/1211 1214/1679/1214 1218/1684/1218
f 1169/1605/1169 1208/1668/1208 1209/1670/1209
f 1164/1599/1164 1209/1670/1209 1217/1683/1217
f 1217/1683/1217 1199/1644/1199 1133/1564/1133
f 1218/1684/1218 1214/1679/1214 1199/1644/1199
f 376/1666/376 372/1677/372 1206/1664/1206
f 1214/1679/1214 1206/1664/1206 1150/1584/1150
f 1169/1605/1169 1209/1670/1209 1164/1599/1164
f 1213/1675/1213 1207/1667/1207 951/1669/951
f 1164/1599/1164 1217/1683/1217 1133/1564/1133
f 1199/1644/1199 1214/1679/1214 1150/1584/1150
f 1183/1621/1183 1184/1622/1184 347/1627/347
f 372/1677/372 1149/1583/1149 1206/1664/1206
f 372/1677/372 1184/1622/1184 1149/1583/1149
f 944/1660/944 1207/1667/1207 1142/1575/1142
f 944/1660/944 1142/1575/1142 1198/1643/1198
f 1142/1575/1142 1141/1574/1141 1198/1643/1198
f 1141/1574/1141 1101/1520/1101 1198/1643/1198
f 1165/1600/1165 1186/1625/1186 1219/1685/1219
f 1153/1587/1153 1219/1685/1219 1186/1625/1186
f 1153/1587/1153 1152/1586/1152 1219/1685/1219
f 1219/1685/1219 1152/1586/1152 1159/1593/1159
f 1219/1685/1219 1159/1593/1159 1165/1600/1165
f 1204/1658/1204 1012/1659/1012 944/1660/944
f 1220/1686/1220 1221/1687/1221 1222/1688/1222
f 309/1689/309 1223/1690/1223 1224/1691/1224
f 1225/1692/1225 1226/1693/1226 1227/1694/1227
f 1228/1695/1228 1229/1696/1229 1230/1697/1230
f 1231/1698/1231 1232/1699/1232 1233/1700/1233
f 1234/1701/1234 1235/1702/1235 1222/1688/1222
f 1236/1703/1236 1237/1704/1237 1238/1705/1238
f 1222/1688/1222 1235/1702/1235 1239/1706/1239
f 234/1707/234 1240/1708/1240 222/1709/222
f 232/1710/232 1241/1711/1241 99/1712/99
f 1242/1713/1242 100/1714/100 1241/1711/1241
f 1243/1715/1243 1244/1716/1244 1245/1717/1245
f 1246/1718/1246 1230/1697/1230 1247/1719/1247
f 26/1720/26 1248/1721/1248 1249/1722/1249
f 1244/1716/1244 1250/1723/1250 1251/1724/1251
f 1252/1725/1252 1253/1726/1253 401/1727/401
f 1254/1728/1254 1255/1729/1255 1242/1713/1242
f 1256/1730/1256 17/1731/17 1249/1722/1249
f 1257/1732/1257 1258/1733/1258 1223/1690/1223
f 1259/1734/1259 1246/1718/1246 1247/1719/1247
f 1260/1735/1260 1261/1736/1261 1262/1737/1262
f 1263/1738/1263 1225/1692/1225 1221/1687/1221
f 1252/1725/1252 222/1709/222 1240/1708/1240
f 1264/1739/1264 75/1740/75 1236/1703/1236
f 322/1741/322 1265/1742/1265 1266/1743/1266
f 99/1712/99 1241/1711/1241 100/1714/100
f 1267/1744/1267 1259/1734/1259 1247/1719/1247
f 1268/1745/1268 1263/1738/1263 1252/1725/1252
f 1269/1746/1269 1242/1713/1242 1251/1724/1251
f 1270/1747/1270 1271/1748/1271 1235/1702/1235
f 1272/1749/1272 1273/1750/1273 1274/1751/1274
f 1275/1752/1275 1258/1733/1258 1276/1753/1276
f 1277/1754/1277 75/1740/75 73/1755/73
f 1235/1702/1235 1271/1748/1271 1278/1756/1278
f 116/1757/116 1279/1758/1279 1269/1746/1269
f 1279/1758/1279 116/1757/116 117/1759/117
f 1280/1760/1280 1281/1761/1281 1282/1762/1282
f 1267/1744/1267 1230/1697/1230 1283/1763/1283
f 100/1714/100 1242/1713/1242 1279/1758/1279
f 1284/1764/1284 1250/1723/1250 1243/1715/1243
f 1285/1765/1285 1286/1766/1286 1287/1767/1287
f 1269/1746/1269 1251/1724/1251 1284/1764/1284
f 1288/1768/1288 1227/1694/1227 1289/1769/1289
f 472/1770/472 1285/1765/1285 231/1771/231
f 1269/1746/1269 1279/1758/1279 1242/1713/1242
f 1271/1748/1271 1270/1747/1270 1258/1733/1258
f 1283/1763/1283 1290/1772/1290 1291/1773/1291
f 231/1771/231 1285/1765/1285 232/1710/232
f 1285/1765/1285 472/1770/472 1292/1774/1292
f 1227/1694/1227 1226/1693/1226 1293/1775/1293
f 1233/1700/1233 1232/1699/1232 1292/1774/1292
f 1292/1774/1292 472/1770/472 413/1776/413
f 400/1777/400 1292/1774/1292 413/1776/413
f 1262/1737/1262 1232/1699/1232 1231/1698/1231
f 1248/1721/1248 1294/1778/1294 1249/1722/1249
f 406/1779/406 492/1780/492 400/1777/400
f 1279/1758/1279 117/1759/117 100/1714/100
f 42/1781/42 937/1782/937 1277/1754/1277
f 1243/1715/1243 1295/1783/1295 1284/1764/1284
f 1296/1784/1296 1295/1783/1295 1243/1715/1243
f 1277/1754/1277 937/1782/937 404/1785/404
f 1236/1703/1236 75/1740/75 1277/1754/1277
f 1297/1786/1297 1298/1787/1298 1228/1695/1228
f 806/1788/806 1299/1789/1299 1300/1790/1300
f 1255/1729/1255 1251/1724/1251 1242/1713/1242
f 1290/1772/1290 1248/1721/1248 1301/1791/1301
f 1229/1696/1229 1290/1772/1290 1230/1697/1230
f 1245/1717/1245 1282/1762/1282 1302/1792/1302
f 297/1793/297 322/1741/322 1266/1743/1266
f 411/1794/411 1237/1704/1237 410/1795/410
f 1291/1773/1291 1303/1796/1303 1283/1763/1283
f 1266/1743/1266 1293/1775/1293 1268/1745/1268
f 1304/1797/1304 1224/1691/1224 1289/1769/1289
f 25/1798/25 1301/1791/1301 1248/1721/1248
f 1305/1799/1305 1303/1796/1303 1291/1773/1291
f 1304/1797/1304 311/1800/311 1224/1691/1224
f 1291/1773/1291 1301/1791/1301 25/1798/25
f 1285/1765/1285 1292/1774/1292 1232/1699/1232
f 25/1798/25 1305/1799/1305 1291/1773/1291
f 1247/1719/1247 1230/1697/1230 1267/1744/1267
f 1306/1801/1306 1264/1739/1264 1238/1705/1238
f 1274/1751/1274 1306/1801/1306 1272/1749/1272
f 1233/1700/1233 1292/1774/1292 400/1777/400
f 325/1802/325 297/1793/297 1266/1743/1266
f 1307/1803/1307 1263/1738/1263 1308/1804/1308
f 1236/1703/1236 1277/1754/1277 404/1785/404
f 1309/1805/1309 1305/1799/1305 25/1798/25
f 234/1707/234 222/1709/222 221/1806/221
f 1310/1807/1310 1252/1725/1252 1263/1738/1263
f 1307/1803/1307 1310/1807/1310 1263/1738/1263
f 1233/1700/1233 490/1808/490 1311/1809/1311
f 1272/1749/1272 1307/1803/1307 1273/1750/1273
f 1312/1810/1312 1286/1766/1286 1232/1699/1232
f 1236/1703/1236 404/1785/404 1237/1704/1237
f 1312/1810/1312 1261/1736/1261 1286/1766/1286
f 1313/1811/1313 1314/1812/1314 1315/1813/1315
f 1305/1799/1305 1309/1805/1309 1316/1814/1316
f 1317/1815/1317 1297/1786/1297 1318/1816/1318
f 1248/1721/1248 1229/1696/1229 1294/1778/1294
f 1238/1705/1238 1272/1749/1272 1306/1801/1306
f 1319/1817/1319 1286/1766/1286 1320/1818/1320
f 1316/1814/1316 1321/1819/1321 1305/1799/1305
f 1245/1717/1245 1302/1792/1302 1275/1752/1275
f 1252/1725/1252 1240/1708/1240 1268/1745/1268
f 17/1731/17 1322/1820/1322 15/1821/15
f 1321/1819/1321 1316/1814/1316 48/1822/48
f 1264/1739/1264 1236/1703/1236 1238/1705/1238
f 1310/1807/1310 1253/1726/1253 1252/1725/1252
f 1294/1778/1294 1229/1696/1229 1323/1823/1323
f 1315/1813/1315 1324/1824/1324 1325/1825/1325
f 1239/1706/1239 1246/1718/1246 1259/1734/1259
f 48/1822/48 89/1826/89 1326/1827/1326
f 1227/1694/1227 1222/1688/1222 1221/1687/1221
f 1295/1783/1295 1269/1746/1269 1284/1764/1284
f 1258/1733/1258 1270/1747/1270 1223/1690/1223
f 1253/1726/1253 411/1794/411 401/1727/401
f 1304/1797/1304 324/1828/324 311/1800/311
f 1227/1694/1227 1221/1687/1221 1225/1692/1225
f 1273/1750/1273 1307/1803/1307 1308/1804/1308
f 1235/1702/1235 1278/1756/1278 1239/1706/1239
f 1293/1775/1293 1266/1743/1266 1265/1742/1265
f 1272/1749/1272 1253/1726/1253 1310/1807/1310
f 1323/1823/1323 1298/1787/1298 1327/1829/1327
f 48/1822/48 1326/1827/1326 1321/1819/1321
f 90/1830/90 1328/1831/1328 89/1826/89
f 1228/1695/1228 1230/1697/1230 1246/1718/1246
f 89/1826/89 1328/1831/1328 1329/1832/1329
f 1330/1833/1330 1296/1784/1296 1257/1732/1257
f 1269/1746/1269 425/1834/425 116/1757/116
f 1329/1832/1329 1326/1827/1326 89/1826/89
f 1331/1835/1331 1320/1818/1320 1332/1836/1332
f 1281/1761/1281 1320/1818/1320 1331/1835/1331
f 1332/1836/1332 1261/1736/1261 1333/1837/1333
f 1334/1838/1334 1300/1790/1300 1299/1789/1299
f 1335/1839/1335 1327/1829/1327 1332/1836/1332
f 1286/1766/1286 1285/1765/1285 1232/1699/1232
f 1336/1840/1336 1337/1841/1337 1259/1734/1259
f 1336/1840/1336 1259/1734/1259 1338/1842/1338
f 1336/1840/1336 1339/1843/1339 1337/1841/1337
f 1267/1744/1267 1338/1842/1338 1259/1734/1259
f 1340/1844/1340 1336/1840/1336 1341/1845/1341
f 1342/1846/1342 1337/1841/1337 1339/1843/1339
f 1340/1844/1340 1343/1847/1343 1339/1843/1339
f 1340/1844/1340 1341/1845/1341 1343/1847/1343
f 1344/1848/1344 1345/1849/1345 1303/1796/1303
f 1305/1799/1305 1344/1848/1344 1303/1796/1303
f 1345/1849/1345 1346/1850/1346 1338/1842/1338
f 1250/1723/1250 1244/1716/1244 1243/1715/1243
f 1308/1804/1308 1342/1846/1342 1273/1750/1273
f 1342/1846/1342 1308/1804/1308 1337/1841/1337
f 1347/1851/1347 1342/1846/1342 1343/1847/1343
f 400/1777/400 492/1780/492 1233/1700/1233
f 1341/1845/1341 1338/1842/1338 1346/1850/1346
f 1348/1852/1348 1345/1849/1345 1344/1848/1344
f 1305/1799/1305 1349/1853/1349 1344/1848/1344
f 1348/1852/1348 1346/1850/1346 1345/1849/1345
f 1229/1696/1229 1228/1695/1228 1323/1823/1323
f 1350/1854/1350 1343/1847/1343 1346/1850/1346
f 1343/1847/1343 1350/1854/1350 1347/1851/1347
f 1327/1829/1327 1298/1787/1298 1317/1815/1317
f 1320/1818/1320 1281/1761/1281 1319/1817/1319
f 1347/1851/1347 1351/1855/1351 1273/1750/1273
f 1224/1691/1224 1288/1768/1288 1289/1769/1289
f 1352/1856/1352 76/1857/76 75/1740/75
f 1276/1753/1276 1245/1717/1245 1275/1752/1275
f 1267/1744/1267 1345/1849/1345 1338/1842/1338
f 1353/1858/1353 1350/1854/1350 1354/1859/1354
f 1326/1827/1326 1349/1853/1349 1321/1819/1321
f 1304/1797/1304 1289/1769/1289 1265/1742/1265
f 1274/1751/1274 1273/1750/1273 1351/1855/1351
f 1347/1851/1347 1353/1858/1353 1351/1855/1351
f 1354/1859/1354 1350/1854/1350 1346/1850/1346
f 1326/1827/1326 1355/1860/1355 1349/1853/1349
f 1356/1861/1356 1354/1859/1354 1355/1860/1355
f 76/1857/76 1352/1856/1352 88/1862/88
f 1328/1831/1328 1357/1863/1357 1358/1864/1358
f 75/1740/75 1264/1739/1264 1352/1856/1352
f 88/1862/88 1357/1863/1357 90/1830/90
f 1264/1739/1264 1359/1865/1359 1352/1856/1352
f 88/1862/88 1359/1865/1359 1357/1863/1357
f 1349/1853/1349 1305/1799/1305 1321/1819/1321
f 1287/1767/1287 1286/1766/1286 1319/1817/1319
f 1353/1858/1353 1354/1859/1354 1360/1866/1360
f 1347/1851/1347 1273/1750/1273 1342/1846/1342
f 1361/1867/1361 1360/1866/1360 1356/1861/1356
f 1356/1861/1356 1326/1827/1326 1329/1832/1329
f 1306/1801/1306 1359/1865/1359 1264/1739/1264
f 1297/1786/1297 1362/1868/1362 1318/1816/1318
f 1297/1786/1297 1317/1815/1317 1298/1787/1298
f 1355/1860/1355 1348/1852/1348 1349/1853/1349
f 1352/1856/1352 1359/1865/1359 88/1862/88
f 1360/1866/1360 1351/1855/1351 1353/1858/1353
f 1361/1867/1361 1306/1801/1306 1274/1751/1274
f 1356/1861/1356 1360/1866/1360 1354/1859/1354
f 1254/1728/1254 1242/1713/1242 1241/1711/1241
f 1361/1867/1361 1351/1855/1351 1360/1866/1360
f 1340/1844/1340 1339/1843/1339 1336/1840/1336
f 1338/1842/1338 1341/1845/1341 1336/1840/1336
f 1356/1861/1356 1355/1860/1355 1326/1827/1326
f 1348/1852/1348 1354/1859/1354 1346/1850/1346
f 1361/1867/1361 1274/1751/1274 1351/1855/1351
f 1361/1867/1361 1357/1863/1357 1359/1865/1359
f 1233/1700/1233 1311/1809/1311 1231/1698/1231
f 1358/1864/1358 1356/1861/1356 1329/1832/1329
f 1357/1863/1357 1328/1831/1328 90/1830/90
f 1231/1698/1231 1311/1809/1311 1313/1811/1313
f 1363/1869/1363 1315/1813/1315 1314/1812/1314
f 1343/1847/1343 1341/1845/1341 1346/1850/1346
f 1348/1852/1348 1355/1860/1355 1354/1859/1354
f 1295/1783/1295 1296/1784/1296 1330/1833/1330
f 1328/1831/1328 1358/1864/1358 1329/1832/1329
f 1356/1861/1356 1358/1864/1358 1361/1867/1361
f 1306/1801/1306 1361/1867/1361 1359/1865/1359
f 1343/1847/1343 1342/1846/1342 1339/1843/1339
f 1319/1817/1319 1281/1761/1281 1280/1760/1280
f 1349/1853/1349 1348/1852/1348 1344/1848/1344
f 1295/1783/1295 1330/1833/1330 326/1870/326
f 806/1788/806 1300/1790/1300 477/1871/477
f 1364/1872/1364 1330/1833/1330 1257/1732/1257
f 425/1834/425 1295/1783/1295 326/1870/326
f 116/1757/116 425/1834/425 112/1873/112
f 18/1874/18 1334/1838/1334 806/1788/806
f 1223/1690/1223 1365/1875/1365 1364/1872/1364
f 1268/1745/1268 1226/1693/1226 1225/1692/1225
f 1345/1849/1345 1267/1744/1267 1303/1796/1303
f 1350/1854/1350 1353/1858/1353 1347/1851/1347
f 1365/1875/1365 323/1876/323 1366/1877/1366
f 1357/1863/1357 1361/1867/1361 1358/1864/1358
f 1335/1839/1335 1294/1778/1294 1327/1829/1327
f 1333/1837/1333 1260/1735/1260 1315/1813/1315
f 1239/1706/1239 1337/1841/1337 1220/1686/1220
f 1226/1693/1226 1268/1745/1268 1293/1775/1293
f 1289/1769/1289 1293/1775/1293 1265/1742/1265
f 1337/1841/1337 1308/1804/1308 1220/1686/1220
f 326/1870/326 1330/1833/1330 323/1876/323
f 1327/1829/1327 1294/1778/1294 1323/1823/1323
f 1282/1762/1282 1245/1717/1245 1244/1716/1244
f 1364/1872/1364 1366/1877/1366 1330/1833/1330
f 322/1741/322 324/1828/324 1304/1797/1304
f 15/1821/15 1324/1824/1324 1334/1838/1334
f 1222/1688/1222 1227/1694/1227 1234/1701/1234
f 1367/1878/1367 1322/1820/1322 17/1731/17
f 1280/1760/1280 1287/1767/1287 1319/1817/1319
f 1334/1838/1334 1299/1789/1299 806/1788/806
f 1362/1868/1362 1297/1786/1297 1368/1879/1368
f 1291/1773/1291 1290/1772/1290 1301/1791/1301
f 323/1876/323 1330/1833/1330 1366/1877/1366
f 1238/1705/1238 1237/1704/1237 1272/1749/1272
f 1365/1875/1365 309/1689/309 323/1876/323
f 458/1880/458 460/1881/460 1311/1809/1311
f 1324/1824/1324 1315/1813/1315 1363/1869/1363
f 1298/1787/1298 1323/1823/1323 1228/1695/1228
f 1282/1762/1282 1362/1868/1362 1302/1792/1302
f 1325/1825/1325 1335/1839/1335 1333/1837/1333
f 1278/1756/1278 1368/1879/1368 1297/1786/1297
f 1237/1704/1237 411/1794/411 1272/1749/1272
f 1300/1790/1300 1363/1869/1363 1314/1812/1314
f 1331/1835/1331 1282/1762/1282 1281/1761/1281
f 1287/1767/1287 1254/1728/1254 1241/1711/1241
f 1285/1765/1285 1287/1767/1287 1241/1711/1241
f 1367/1878/1367 17/1731/17 1256/1730/1256
f 1278/1756/1278 1297/1786/1297 1228/1695/1228
f 1369/1882/1369 1324/1824/1324 15/1821/15
f 1280/1760/1280 1282/1762/1282 1244/1716/1244
f 1315/1813/1315 1325/1825/1325 1333/1837/1333
f 1296/1784/1296 1276/1753/1276 1257/1732/1257
f 18/1874/18 15/1821/15 1334/1838/1334
f 1261/1736/1261 1332/1836/1332 1320/1818/1320
f 1318/1816/1318 1331/1835/1331 1327/1829/1327
f 1316/1814/1316 1309/1805/1309 48/1822/48
f 1315/1813/1315 1260/1735/1260 1313/1811/1313
f 1261/1736/1261 1312/1810/1312 1262/1737/1262
f 1280/1760/1280 1255/1729/1255 1287/1767/1287
f 1276/1753/1276 1258/1733/1258 1257/1732/1257
f 47/1883/47 48/1822/48 1309/1805/1309
f 1249/1722/1249 1294/1778/1294 1256/1730/1256
f 1302/1792/1302 1362/1868/1362 1368/1879/1368
f 1335/1839/1335 1367/1878/1367 1256/1730/1256
f 1285/1765/1285 1241/1711/1241 232/1710/232
f 460/1881/460 1314/1812/1314 1313/1811/1313
f 1251/1724/1251 1280/1760/1280 1244/1716/1244
f 1332/1836/1332 1327/1829/1327 1331/1835/1331
f 1239/1706/1239 1278/1756/1278 1246/1718/1246
f 1295/1783/1295 425/1834/425 1269/1746/1269
f 1366/1877/1366 1364/1872/1364 1365/1875/1365
f 1318/1816/1318 1327/1829/1327 1317/1815/1317
f 1255/1729/1255 1280/1760/1280 1251/1724/1251
f 1335/1839/1335 1332/1836/1332 1333/1837/1333
f 1253/1726/1253 1272/1749/1272 411/1794/411
f 1363/1869/1363 1334/1838/1334 1324/1824/1324
f 1268/1745/1268 1225/1692/1225 1263/1738/1263
f 1287/1767/1287 1255/1729/1255 1254/1728/1254
f 27/1884/27 26/1720/26 1249/1722/1249
f 1284/1764/1284 1251/1724/1251 1250/1723/1250
f 1334/1838/1334 1363/1869/1363 1300/1790/1300
f 1275/1752/1275 1271/1748/1271 1258/1733/1258
f 1262/1737/1262 1313/1811/1313 1260/1735/1260
f 1262/1737/1262 1231/1698/1231 1313/1811/1313
f 1282/1762/1282 1331/1835/1331 1362/1868/1362
f 1276/1753/1276 1296/1784/1296 1243/1715/1243
f 458/1880/458 1311/1809/1311 490/1808/490
f 1367/1878/1367 1335/1839/1335 1369/1882/1369
f 1364/1872/1364 1257/1732/1257 1223/1690/1223
f 1322/1820/1322 1367/1878/1367 1369/1882/1369
f 1221/1687/1221 1220/1686/1220 1308/1804/1308
f 1261/1736/1261 1260/1735/1260 1333/1837/1333
f 73/1755/73 42/1781/42 1277/1754/1277
f 1224/1691/1224 295/1885/295 309/1689/309
f 460/1881/460 1300/1790/1300 1314/1812/1314
f 1224/1691/1224 1223/1690/1223 1288/1768/1288
f 1322/1820/1322 1369/1882/1369 15/1821/15
f 1325/1825/1325 1324/1824/1324 1369/1882/1369
f 1249/1722/1249 17/1731/17 27/1884/27
f 462/1886/462 1233/1700/1233 492/1780/492
f 1229/1696/1229 1248/1721/1248 1290/1772/1290
f 410/1795/410 1237/1704/1237 404/1785/404
f 1369/1882/1369 1335/1839/1335 1325/1825/1325
f 234/1707/234 325/1802/325 1240/1708/1240
f 1309/1805/1309 25/1798/25 47/1883/47
f 1271/1748/1271 1275/1752/1275 1368/1879/1368
f 1234/1701/1234 1288/1768/1288 1270/1747/1270
f 1265/1742/1265 322/1741/322 1304/1797/1304
f 1272/1749/1272 1310/1807/1310 1307/1803/1307
f 1230/1697/1230 1290/1772/1290 1283/1763/1283
f 460/1881/460 1313/1811/1313 1311/1809/1311
f 1261/1736/1261 1320/1818/1320 1286/1766/1286
f 1308/1804/1308 1263/1738/1263 1221/1687/1221
f 400/1777/400 413/1776/413 392/1887/392
f 490/1808/490 1233/1700/1233 462/1886/462
f 392/1887/392 413/1776/413 385/1888/385
f 477/1871/477 1300/1790/1300 460/1881/460
f 1289/1769/1289 1227/1694/1227 1293/1775/1293
f 1331/1835/1331 1318/1816/1318 1362/1868/1362
f 1232/1699/1232 1262/1737/1262 1312/1810/1312
f 1259/1734/1259 1337/1841/1337 1239/1706/1239
f 1223/1690/1223 1270/1747/1270 1288/1768/1288
f 1302/1792/1302 1368/1879/1368 1275/1752/1275
f 325/1802/325 1266/1743/1266 1240/1708/1240
f 1268/1745/1268 1240/1708/1240 1266/1743/1266
f 1288/1768/1288 1234/1701/1234 1227/1694/1227
f 1283/1763/1283 1303/1796/1303 1267/1744/1267
f 1271/1748/1271 1368/1879/1368 1278/1756/1278
f 1245/1717/1245 1276/1753/1276 1243/1715/1243
f 1278/1756/1278 1228/1695/1228 1246/1718/1246
f 1256/1730/1256 1294/1778/1294 1335/1839/1335
f 1239/1706/1239 1220/1686/1220 1222/1688/1222
f 1252/1725/1252 401/1727/401 222/1709/222
f 295/1885/295 1224/1691/1224 311/1800/311
f 1270/1747/1270 1235/1702/1235 1234/1701/1234
f 1223/1690/1223 309/1689/309 1365/1875/1365
s off
